name,value,date
Coca-Cola,72537,2000/1/1
Microsoft,70196,2000/1/1
IBM,53183,2000/1/1
Intel,39048,2000/1/1
Nokia,38528,2000/1/1
GE,38127,2000/1/1
Ford,36368,2000/1/1
Disney,33553,2000/1/1
McDonald's,27859,2000/1/1
AT&T,25548,2000/1/1
Marlboro,22110,2000/1/1
Mercedes-Benz,21104,2000/1/1
HP,20572,2000/1/1
Cisco,20067,2000/1/1
Toyota,18823,2000/1/1
Citi,18809,2000/1/1
Gillette,17358,2000/1/1
Sony,16409,2000/1/1
American Express,16122,2000/1/1
Honda,15244,2000/1/1
Compaq,14602,2000/1/1
NESCAFÉ,13680,2000/1/1
BMW,12969,2000/1/1
Kodak,11822,2000/1/1
Heinz,11742,2000/1/1
Budweiser,10684,2000/1/1
Xerox,9699,2000/1/1
Dell,9476,2000/1/1
Gap,9316,2000/1/1
Nike,8015,2000/1/1
Volkswagen,7834,2000/1/1
Ericsson,7805,2000/1/1
Kellogg's,7357,2000/1/1
Louis Vuitton,6887,2000/1/1
Pepsi,6636,2000/1/1
Apple,6594,2000/1/1
MTV,6411,2000/1/1
Yahoo!,6299,2000/1/1
SAP,6135,2000/1/1
IKEA,6031,2000/1/1
Duracell,5885,2000/1/1
Philips,5481,2000/1/1
Samsung,5223,2000/1/1
Gucci,5149,2000/1/1
Kleenex,5144,2000/1/1
Reuters,4876,2000/1/1
AOL,4531,2000/1/1
Amazon,4528,2000/1/1
Motorola,4445,2000/1/1
Colgate,4417,2000/1/1
Wrigley,4324,2000/1/1
Chanel,4141,2000/1/1
adidas,3791,2000/1/1
Panasonic,3734,2000/1/1
Rolex,3561,2000/1/1
Hertz,3438,2000/1/1
Bacardi,3187,2000/1/1
BP,3066,2000/1/1
Moët & Chandon,2799,2000/1/1
Shell,2786,2000/1/1
Burger King,2701,2000/1/1
Smirnoff,2443,2000/1/1
Barbie,2315,2000/1/1
Heineken,2218,2000/1/1
Wall Street Journal,2184,2000/1/1
Ralph Lauren,1834,2000/1/1
Johnnie Walker,1541,2000/1/1
Hilton,1483,2000/1/1
Jack Daniel's,1480,2000/1/1
Armani,1456,2000/1/1
Pampers,1400,2000/1/1
Starbucks,1329,2000/1/1
Guinness,1224,2000/1/1
Financial Times,1148,2000/1/1
Benetton,1008,2000/1/1
Coca-Cola,68945,2001/1/1
Microsoft,65068,2001/1/1
IBM,52752,2001/1/1
GE,42396,2001/1/1
Nokia,35035,2001/1/1
Intel,34665,2001/1/1
Disney,32591,2001/1/1
Ford,30092,2001/1/1
McDonald's,25289,2001/1/1
AT&T,22828,2001/1/1
Marlboro,22053,2001/1/1
Mercedes-Benz,21728,2001/1/1
Citi,19005,2001/1/1
Toyota,18578,2001/1/1
HP,17983,2001/1/1
Cisco,17209,2001/1/1
American Express,16919,2001/1/1
Gillette,15298,2001/1/1
Merrill Lynch,15015,2001/1/1
Sony,15005,2001/1/1
Honda,14638,2001/1/1
BMW,13858,2001/1/1
NESCAFÉ,13250,2001/1/1
Compaq,12354,2001/1/1
Oracle,12224,2001/1/1
Budweiser,10838,2001/1/1
Kodak,10801,2001/1/1
"Merck & Co., Inc.",9672,2001/1/1
Nintendo,9460,2001/1/1
Pfizer,8951,2001/1/1
Gap,8746,2001/1/1
Dell,8269,2001/1/1
Goldman Sachs,7862,2001/1/1
Nike,7589,2001/1/1
Volkswagen,7338,2001/1/1
Ericsson,7069,2001/1/1
Heinz,7062,2001/1/1
Louis Vuitton,7053,2001/1/1
Kellogg's,7005,2001/1/1
MTV,6599,2001/1/1
Canon,6580,2001/1/1
Samsung,6374,2001/1/1
SAP,6307,2001/1/1
Pepsi,6214,2001/1/1
Xerox,6019,2001/1/1
IKEA,6005,2001/1/1
Pizza Hut,5978,2001/1/1
Harley-Davidson,5532,2001/1/1
Apple,5464,2001/1/1
Gucci,5363,2001/1/1
KFC,5261,2001/1/1
Reuters,5236,2001/1/1
Sun Microsystems,5149,2001/1/1
Kleenex,5085,2001/1/1
Philips,4900,2001/1/1
Colgate,4572,2001/1/1
Wrigley,4530,2001/1/1
AOL,4495,2001/1/1
Yahoo!,4378,2001/1/1
Avon,4369,2001/1/1
Chanel,4265,2001/1/1
Duracell,4140,2001/1/1
Boeing,4060,2001/1/1
Texas Instruments,4041,2001/1/1
Kraft,4032,2001/1/1
Motorola,3761,2001/1/1
Levi's,3747,2001/1/1
Time,3724,2001/1/1
Rolex,3701,2001/1/1
adidas,3650,2001/1/1
Hertz,3617,2001/1/1
Panasonic,3490,2001/1/1
Tiffany & Co.,3483,2001/1/1
BP,3247,2001/1/1
Bacardi,3204,2001/1/1
Amazon,3130,2001/1/1
Shell,2844,2001/1/1
Smirnoff,2594,2001/1/1
Moët & Chandon,2470,2001/1/1
Burger King,2426,2001/1/1
Mobil,2415,2001/1/1
Heineken,2266,2001/1/1
Wall Street Journal,2184,2001/1/1
Barbie,2037,2001/1/1
Ralph Lauren,1910,2001/1/1
FedEx,1885,2001/1/1
Nivea,1782,2001/1/1
Starbucks,1757,2001/1/1
Johnnie Walker,1649,2001/1/1
Jack Daniel's,1583,2001/1/1
Armani,1490,2001/1/1
Pampers,1410,2001/1/1
Absolut,1378,2001/1/1
Guinness,1357,2001/1/1
Financial Times,1310,2001/1/1
Hilton,1235,2001/1/1
Carlsberg,1075,2001/1/1
Siemens,1029,2001/1/1
Swatch,1004,2001/1/1
Benetton,1002,2001/1/1
Coca-Cola,69637,2002/1/1
Microsoft,64091,2002/1/1
IBM,51188,2002/1/1
GE,41311,2002/1/1
Intel,30861,2002/1/1
Nokia,29970,2002/1/1
Disney,29256,2002/1/1
McDonald's,26375,2002/1/1
Marlboro,24151,2002/1/1
Mercedes-Benz,21010,2002/1/1
Ford,20403,2002/1/1
Toyota,19448,2002/1/1
Citi,18066,2002/1/1
HP,16776,2002/1/1
American Express,16287,2002/1/1
Cisco,16222,2002/1/1
AT&T,16059,2002/1/1
Honda,15064,2002/1/1
Gillette,14959,2002/1/1
BMW,14425,2002/1/1
Sony,13899,2002/1/1
NESCAFÉ,12843,2002/1/1
Oracle,11510,2002/1/1
Budweiser,11349,2002/1/1
Merrill Lynch,11230,2002/1/1
Morgan Stanley,11205,2002/1/1
Compaq,9803,2002/1/1
Pfizer,9770,2002/1/1
J.P. Morgan,9693,2002/1/1
Kodak,9671,2002/1/1
Dell,9237,2002/1/1
Nintendo,9219,2002/1/1
"Merck & Co., Inc.",9138,2002/1/1
Samsung,8310,2002/1/1
Nike,7724,2002/1/1
Gap,7406,2002/1/1
Heinz,7347,2002/1/1
Volkswagen,7209,2002/1/1
Goldman Sachs,7194,2002/1/1
Kellogg's,7191,2002/1/1
Louis Vuitton,7054,2002/1/1
SAP,6775,2002/1/1
Canon,6721,2002/1/1
IKEA,6545,2002/1/1
Pepsi,6394,2002/1/1
Harley-Davidson,6266,2002/1/1
MTV,6078,2002/1/1
Pizza Hut,6046,2002/1/1
KFC,5346,2002/1/1
Apple,5316,2002/1/1
Xerox,5308,2002/1/1
Gucci,5304,2002/1/1
Accenture,5182,2002/1/1
L'Oréal,5079,2002/1/1
Kleenex,5039,2002/1/1
Sun Microsystems,4773,2002/1/1
Wrigley,4747,2002/1/1
Reuters,4611,2002/1/1
Colgate,4602,2002/1/1
Philips,4561,2002/1/1
Nestlé,4430,2002/1/1
Avon,4399,2002/1/1
AOL,4326,2002/1/1
Chanel,4272,2002/1/1
Kraft,4079,2002/1/1
Danone,4054,2002/1/1
Yahoo!,3855,2002/1/1
adidas,3690,2002/1/1
Rolex,3686,2002/1/1
Time,3682,2002/1/1
Ericsson,3589,2002/1/1
Tiffany & Co.,3482,2002/1/1
Levi's,3454,2002/1/1
Motorola,3416,2002/1/1
Duracell,3409,2002/1/1
BP,3390,2002/1/1
Hertz,3362,2002/1/1
Bacardi,3341,2002/1/1
Caterpillar,3218,2002/1/1
Amazon,3175,2002/1/1
Panasonic,3141,2002/1/1
Boeing,2973,2002/1/1
Shell,2810,2002/1/1
Smirnoff,2723,2002/1/1
Johnson & Johnson,2509,2002/1/1
Prada,2489,2002/1/1
Moët & Chandon,2445,2002/1/1
Heineken,2396,2002/1/1
Mobil,2358,2002/1/1
Burger King,2163,2002/1/1
Nivea,2059,2002/1/1
Wall Street Journal,1961,2002/1/1
Starbucks,1961,2002/1/1
Barbie,1937,2002/1/1
Ralph Lauren,1928,2002/1/1
FedEx,1919,2002/1/1
Johnnie Walker,1654,2002/1/1
Jack Daniel's,1580,2002/1/1
3M,1579,2002/1/1
Armani,1509,2002/1/1
Coca-Cola,70453,2003/1/1
Microsoft,65174,2003/1/1
IBM,51767,2003/1/1
GE,42340,2003/1/1
Intel,31112,2003/1/1
Nokia,29440,2003/1/1
Disney,28036,2003/1/1
McDonald's,24699,2003/1/1
Marlboro,22183,2003/1/1
Mercedes-Benz,21371,2003/1/1
Toyota,20784,2003/1/1
HP,19860,2003/1/1
Citi,18571,2003/1/1
Ford,17066,2003/1/1
American Express,16833,2003/1/1
Gillette,15978,2003/1/1
Cisco,15789,2003/1/1
Honda,15625,2003/1/1
BMW,15106,2003/1/1
Sony,13153,2003/1/1
NESCAFÉ,12336,2003/1/1
Budweiser,11894,2003/1/1
Pepsi,11777,2003/1/1
Oracle,11263,2003/1/1
Samsung,10846,2003/1/1
Morgan Stanley,10691,2003/1/1
Merrill Lynch,10521,2003/1/1
Pfizer,10455,2003/1/1
Dell,10367,2003/1/1
"Merck & Co., Inc.",9407,2003/1/1
J.P. Morgan,9120,2003/1/1
Nintendo,8190,2003/1/1
Nike,8167,2003/1/1
Kodak,7826,2003/1/1
SAP,7714,2003/1/1
Gap,7688,2003/1/1
HSBC,7565,2003/1/1
Kellogg's,7438,2003/1/1
Canon,7192,2003/1/1
Heinz,7097,2003/1/1
Goldman Sachs,7039,2003/1/1
Volkswagen,6938,2003/1/1
IKEA,6918,2003/1/1
Harley-Davidson,6775,2003/1/1
Louis Vuitton,6708,2003/1/1
MTV,6278,2003/1/1
L'Oréal,5600,2003/1/1
Xerox,5578,2003/1/1
KFC,5576,2003/1/1
Apple,5554,2003/1/1
Pizza Hut,5312,2003/1/1
Accenture,5301,2003/1/1
Gucci,5100,2003/1/1
Kleenex,5057,2003/1/1
Wrigley,5057,2003/1/1
Colgate,4686,2003/1/1
Avon,4631,2003/1/1
Sun Microsystems,4465,2003/1/1
Philips,4464,2003/1/1
Nestlé,4460,2003/1/1
Chanel,4315,2003/1/1
Danone,4237,2003/1/1
Kraft,4171,2003/1/1
AOL,3961,2003/1/1
Yahoo!,3895,2003/1/1
Time,3784,2003/1/1
adidas,3679,2003/1/1
Rolex,3673,2003/1/1
BP,3582,2003/1/1
Tiffany & Co.,3540,2003/1/1
Duracell,3438,2003/1/1
Bacardi,3431,2003/1/1
Hermès,3416,2003/1/1
Amazon,3403,2003/1/1
Caterpillar,3363,2003/1/1
Reuters,3300,2003/1/1
Levi's,3298,2003/1/1
Hertz,3288,2003/1/1
Panasonic,3257,2003/1/1
Ericsson,3153,2003/1/1
Motorola,3103,2003/1/1
Hennessy,2996,2003/1/1
Shell,2983,2003/1/1
Boeing,2864,2003/1/1
Smirnoff,2806,2003/1/1
Johnson & Johnson,2706,2003/1/1
Prada,2535,2003/1/1
Moët & Chandon,2524,2003/1/1
Nissan,2495,2003/1/1
Heineken,2431,2003/1/1
Mobil,2407,2003/1/1
Nivea,2221,2003/1/1
Starbucks,2136,2003/1/1
Burger King,2121,2003/1/1
Ralph Lauren,2048,2003/1/1
FedEx,2032,2003/1/1
Barbie,1873,2003/1/1
Wall Street Journal,1763,2003/1/1
Johnnie Walker,1724,2003/1/1
Jack Daniel's,1612,2003/1/1
Coca-Cola,67394,2004/1/1
Microsoft,61372,2004/1/1
IBM,53791,2004/1/1
GE,44111,2004/1/1
Intel,33499,2004/1/1
Disney,27113,2004/1/1
McDonald's,25001,2004/1/1
Nokia,24041,2004/1/1
Toyota,22673,2004/1/1
Marlboro,22128,2004/1/1
Mercedes-Benz,21331,2004/1/1
HP,20978,2004/1/1
Citi,19971,2004/1/1
American Express,17683,2004/1/1
Gillette,16723,2004/1/1
Cisco,15948,2004/1/1
BMW,15886,2004/1/1
Honda,14874,2004/1/1
Ford,14475,2004/1/1
Sony,12759,2004/1/1
Samsung,12553,2004/1/1
Pepsi,12066,2004/1/1
NESCAFÉ,11892,2004/1/1
Budweiser,11846,2004/1/1
Dell,11500,2004/1/1
Merrill Lynch,11499,2004/1/1
Morgan Stanley,11498,2004/1/1
Oracle,10935,2004/1/1
Pfizer,10635,2004/1/1
J.P. Morgan,9782,2004/1/1
Nike,9260,2004/1/1
"Merck & Co., Inc.",8811,2004/1/1
HSBC,8671,2004/1/1
SAP,8323,2004/1/1
Canon,8055,2004/1/1
Kellogg's,8029,2004/1/1
Goldman Sachs,7954,2004/1/1
Gap,7873,2004/1/1
Siemens,7470,2004/1/1
IKEA,7182,2004/1/1
Harley-Davidson,7057,2004/1/1
Heinz,7026,2004/1/1
Apple,6871,2004/1/1
Louis Vuitton,6602,2004/1/1
UBS,6526,2004/1/1
Nintendo,6479,2004/1/1
MTV,6456,2004/1/1
Volkswagen,6410,2004/1/1
L'Oréal,5902,2004/1/1
Accenture,5772,2004/1/1
Xerox,5696,2004/1/1
Wrigley,5424,2004/1/1
Kodak,5231,2004/1/1
KFC,5118,2004/1/1
Pizza Hut,5050,2004/1/1
Colgate,4929,2004/1/1
Kleenex,4881,2004/1/1
Avon,4849,2004/1/1
Gucci,4715,2004/1/1
eBay,4700,2004/1/1
Yahoo!,4545,2004/1/1
Nestlé,4529,2004/1/1
Danone,4488,2004/1/1
Chanel,4416,2004/1/1
Philips,4378,2004/1/1
Amazon,4156,2004/1/1
Kraft,4112,2004/1/1
Caterpillar,3801,2004/1/1
adidas,3740,2004/1/1
Rolex,3720,2004/1/1
Reuters,3691,2004/1/1
BP,3662,2004/1/1
Time,3651,2004/1/1
Porsche,3646,2004/1/1
Tiffany & Co.,3638,2004/1/1
Motorola,3483,2004/1/1
Panasonic,3480,2004/1/1
Hertz,3411,2004/1/1
Hermès,3376,2004/1/1
Duracell,3362,2004/1/1
Audi,3288,2004/1/1
AOL,3248,2004/1/1
Hennessy,3084,2004/1/1
Shell,2985,2004/1/1
Levi's,2979,2004/1/1
Smirnoff,2975,2004/1/1
Johnson & Johnson,2952,2004/1/1
ING,2864,2004/1/1
Moët & Chandon,2861,2004/1/1
Nissan,2833,2004/1/1
Cartier,2749,2004/1/1
Estee Lauder,2634,2004/1/1
Armani,2613,2004/1/1
Boeing,2576,2004/1/1
Prada,2568,2004/1/1
Mobil,2492,2004/1/1
Nivea,2409,2004/1/1
Starbucks,2400,2004/1/1
Heineken,2380,2004/1/1
Ralph Lauren,2147,2004/1/1
Coca-Cola,67525,2005/1/1
Microsoft,59941,2005/1/1
IBM,53376,2005/1/1
GE,46996,2005/1/1
Intel,35588,2005/1/1
Nokia,26452,2005/1/1
Disney,26441,2005/1/1
McDonald's,26014,2005/1/1
Toyota,24837,2005/1/1
Marlboro,21189,2005/1/1
Mercedes-Benz,20006,2005/1/1
Citi,19967,2005/1/1
HP,18866,2005/1/1
American Express,18559,2005/1/1
Gillette,17534,2005/1/1
BMW,17126,2005/1/1
Cisco,16592,2005/1/1
Louis Vuitton,16077,2005/1/1
Honda,15788,2005/1/1
Samsung,14956,2005/1/1
Dell,13231,2005/1/1
Ford,13159,2005/1/1
Pepsi,12399,2005/1/1
NESCAFÉ,12241,2005/1/1
Merrill Lynch,12018,2005/1/1
Budweiser,11878,2005/1/1
Oracle,10887,2005/1/1
Sony,10754,2005/1/1
HSBC,10429,2005/1/1
Nike,10114,2005/1/1
Pfizer,9981,2005/1/1
UPS,9923,2005/1/1
Morgan Stanley,9777,2005/1/1
J.P. Morgan,9455,2005/1/1
Canon,9044,2005/1/1
SAP,9006,2005/1/1
Goldman Sachs,8495,2005/1/1
Google,8461,2005/1/1
Kellogg's,8306,2005/1/1
Gap,8195,2005/1/1
Apple,7985,2005/1/1
IKEA,7817,2005/1/1
Novartis,7746,2005/1/1
UBS,7565,2005/1/1
Siemens,7507,2005/1/1
Harley-Davidson,7346,2005/1/1
Heinz,6932,2005/1/1
MTV,6647,2005/1/1
Gucci,6619,2005/1/1
Nintendo,6470,2005/1/1
Accenture,6142,2005/1/1
L'Oréal,6005,2005/1/1
Philips,5901,2005/1/1
Xerox,5705,2005/1/1
eBay,5701,2005/1/1
Volkswagen,5617,2005/1/1
Wrigley,5543,2005/1/1
Yahoo!,5256,2005/1/1
Avon,5213,2005/1/1
Colgate,5186,2005/1/1
KFC,5112,2005/1/1
Kodak,4979,2005/1/1
Pizza Hut,4963,2005/1/1
Kleenex,4922,2005/1/1
Chanel,4778,2005/1/1
Nestlé,4744,2005/1/1
Danone,4513,2005/1/1
Amazon,4248,2005/1/1
Kraft,4238,2005/1/1
Caterpillar,4085,2005/1/1
adidas,4033,2005/1/1
Rolex,3906,2005/1/1
Motorola,3877,2005/1/1
Reuters,3866,2005/1/1
BP,3802,2005/1/1
Porsche,3777,2005/1/1
Zara,3730,2005/1/1
Panasonic,3714,2005/1/1
Audi,3686,2005/1/1
Duracell,3679,2005/1/1
Tiffany & Co.,3618,2005/1/1
Hermès,3540,2005/1/1
Hertz,3521,2005/1/1
Hyundai,3480,2005/1/1
Nissan,3203,2005/1/1
Hennessy,3201,2005/1/1
ING,3177,2005/1/1
Smirnoff,3097,2005/1/1
Cartier,3050,2005/1/1
Shell,3048,2005/1/1
Johnson & Johnson,3040,2005/1/1
Moët & Chandon,2991,2005/1/1
Prada,2760,2005/1/1
Bulgari,2715,2005/1/1
Armani,2677,2005/1/1
Levi's,2655,2005/1/1
LG,2645,2005/1/1
Nivea,2576,2005/1/1
Starbucks,2576,2005/1/1
Heineken,2357,2005/1/1
Coca-Cola,67000,2006/1/1
Microsoft,56926,2006/1/1
IBM,56201,2006/1/1
GE,48907,2006/1/1
Intel,32319,2006/1/1
Nokia,30131,2006/1/1
Toyota,27941,2006/1/1
Disney,27848,2006/1/1
McDonald's,27501,2006/1/1
Mercedes-Benz,21795,2006/1/1
Citi,21458,2006/1/1
Marlboro,21350,2006/1/1
HP,20458,2006/1/1
American Express,19641,2006/1/1
BMW,19617,2006/1/1
Gillette,19579,2006/1/1
Louis Vuitton,17606,2006/1/1
Cisco,17532,2006/1/1
Honda,17049,2006/1/1
Samsung,16169,2006/1/1
Merrill Lynch,13001,2006/1/1
Pepsi,12690,2006/1/1
NESCAFÉ,12507,2006/1/1
Google,12376,2006/1/1
Dell,12256,2006/1/1
Sony,11695,2006/1/1
Budweiser,11662,2006/1/1
HSBC,11622,2006/1/1
Oracle,11459,2006/1/1
Ford,11056,2006/1/1
Nike,10897,2006/1/1
UPS,10712,2006/1/1
J.P. Morgan,10205,2006/1/1
SAP,10007,2006/1/1
Canon,9968,2006/1/1
Morgan Stanley,9762,2006/1/1
Goldman Sachs,9640,2006/1/1
Pfizer,9591,2006/1/1
Apple,9130,2006/1/1
Kellogg's,8776,2006/1/1
IKEA,8763,2006/1/1
UBS,8734,2006/1/1
Novartis,7880,2006/1/1
Siemens,7828,2006/1/1
Harley-Davidson,7739,2006/1/1
Gucci,7158,2006/1/1
eBay,6755,2006/1/1
Philips,6730,2006/1/1
Accenture,6728,2006/1/1
MTV,6627,2006/1/1
Nintendo,6559,2006/1/1
Gap,6416,2006/1/1
L'Oréal,6392,2006/1/1
Heinz,6223,2006/1/1
Yahoo!,6056,2006/1/1
Volkswagen,6032,2006/1/1
Xerox,5918,2006/1/1
Colgate,5633,2006/1/1
Wrigley,5449,2006/1/1
KFC,5350,2006/1/1
Chanel,5156,2006/1/1
Avon,5040,2006/1/1
Nestlé,4932,2006/1/1
Kleenex,4842,2006/1/1
Amazon,4707,2006/1/1
Pizza Hut,4694,2006/1/1
Danone,4638,2006/1/1
Caterpillar,4580,2006/1/1
Motorola,4569,2006/1/1
Kodak,4406,2006/1/1
adidas,4290,2006/1/1
Rolex,4237,2006/1/1
Zara,4235,2006/1/1
Audi,4165,2006/1/1
Hyundai,4078,2006/1/1
BP,4010,2006/1/1
Panasonic,3977,2006/1/1
Reuters,3961,2006/1/1
Kraft,3943,2006/1/1
Porsche,3927,2006/1/1
Hermès,3854,2006/1/1
Tiffany & Co.,3819,2006/1/1
Hennessy,3576,2006/1/1
Duracell,3576,2006/1/1
ING,3474,2006/1/1
Cartier,3360,2006/1/1
Moët & Chandon,3257,2006/1/1
Johnson & Johnson,3193,2006/1/1
Shell,3173,2006/1/1
Nissan,3108,2006/1/1
Starbucks,3099,2006/1/1
Lexus,3070,2006/1/1
Smirnoff,3032,2006/1/1
LG,3010,2006/1/1
Bulgari,2875,2006/1/1
Prada,2874,2006/1/1
Armani,2783,2006/1/1
Burberry,2783,2006/1/1
Nivea,2692,2006/1/1
Levi's,2689,2006/1/1
Coca-Cola,65324,2007/1/1
Microsoft,58709,2007/1/1
IBM,57090,2007/1/1
GE,51569,2007/1/1
Nokia,33696,2007/1/1
Toyota,32070,2007/1/1
Intel,30954,2007/1/1
McDonald's,29398,2007/1/1
Disney,29210,2007/1/1
Mercedes-Benz,23568,2007/1/1
Citi,23442,2007/1/1
HP,22197,2007/1/1
BMW,21612,2007/1/1
Marlboro,21282,2007/1/1
American Express,20827,2007/1/1
Gillette,20415,2007/1/1
Louis Vuitton,20321,2007/1/1
Cisco,19099,2007/1/1
Honda,17998,2007/1/1
Google,17837,2007/1/1
Samsung,16853,2007/1/1
Merrill Lynch,14343,2007/1/1
HSBC,13563,2007/1/1
NESCAFÉ,12950,2007/1/1
Sony,12907,2007/1/1
Pepsi,12888,2007/1/1
Oracle,12448,2007/1/1
UPS,12013,2007/1/1
Nike,12003,2007/1/1
Budweiser,11652,2007/1/1
Dell,11554,2007/1/1
J.P. Morgan,11433,2007/1/1
Apple,11037,2007/1/1
SAP,10850,2007/1/1
Goldman Sachs,10663,2007/1/1
Canon,10581,2007/1/1
Morgan Stanley,10340,2007/1/1
IKEA,10087,2007/1/1
UBS,9838,2007/1/1
Kellogg's,9341,2007/1/1
Ford,8982,2007/1/1
Philips,7741,2007/1/1
Siemens,7737,2007/1/1
Nintendo,7730,2007/1/1
Harley-Davidson,7718,2007/1/1
Gucci,7697,2007/1/1
AIG,7490,2007/1/1
eBay,7456,2007/1/1
AXA,7327,2007/1/1
Accenture,7296,2007/1/1
L'Oréal,7045,2007/1/1
MTV,6907,2007/1/1
Heinz,6544,2007/1/1
Volkswagen,6511,2007/1/1
Yahoo!,6067,2007/1/1
Xerox,6050,2007/1/1
Colgate,6025,2007/1/1
Chanel,5830,2007/1/1
Wrigley,5777,2007/1/1
KFC,5682,2007/1/1
Gap,5481,2007/1/1
Amazon,5411,2007/1/1
Nestlé,5314,2007/1/1
Zara,5165,2007/1/1
Avon,5103,2007/1/1
Caterpillar,5059,2007/1/1
Danone,5019,2007/1/1
Audi,4866,2007/1/1
adidas,4767,2007/1/1
Kleenex,4600,2007/1/1
Rolex,4589,2007/1/1
Hyundai,4453,2007/1/1
Hermès,4255,2007/1/1
Pizza Hut,4254,2007/1/1
Porsche,4235,2007/1/1
Reuters,4197,2007/1/1
Motorola,4149,2007/1/1
Panasonic,4135,2007/1/1
Tiffany & Co.,4003,2007/1/1
Allianz,3957,2007/1/1
ING,3880,2007/1/1
Kodak,3874,2007/1/1
Cartier,3852,2007/1/1
BP,3794,2007/1/1
Moët & Chandon,3739,2007/1/1
Kraft,3732,2007/1/1
Hennessy,3638,2007/1/1
Starbucks,3631,2007/1/1
Duracell,3605,2007/1/1
Johnson & Johnson,3445,2007/1/1
Smirnoff,3379,2007/1/1
Lexus,3354,2007/1/1
Shell,3331,2007/1/1
Prada,3286,2007/1/1
Burberry,3221,2007/1/1
Nivea,3116,2007/1/1
LG,3100,2007/1/1
Nissan,3072,2007/1/1
Ralph Lauren,3046,2007/1/1
Hertz,3026,2007/1/1
Coca-Cola,66667,2008/1/1
IBM,59031,2008/1/1
Microsoft,59007,2008/1/1
GE,53086,2008/1/1
Nokia,35942,2008/1/1
Toyota,34050,2008/1/1
Intel,31261,2008/1/1
McDonald's,31049,2008/1/1
Disney,29251,2008/1/1
Google,25590,2008/1/1
Mercedes-Benz,25577,2008/1/1
HP,23509,2008/1/1
BMW,23298,2008/1/1
Gillette,22689,2008/1/1
American Express,21940,2008/1/1
Louis Vuitton,21602,2008/1/1
Cisco,21306,2008/1/1
Marlboro,21300,2008/1/1
Citi,20174,2008/1/1
Honda,19079,2008/1/1
Samsung,17689,2008/1/1
H&M,13840,2008/1/1
Oracle,13831,2008/1/1
Apple,13724,2008/1/1
Sony,13583,2008/1/1
Pepsi,13249,2008/1/1
HSBC,13143,2008/1/1
NESCAFÉ,13056,2008/1/1
Nike,12672,2008/1/1
UPS,12621,2008/1/1
SAP,12228,2008/1/1
Dell,11695,2008/1/1
Budweiser,11438,2008/1/1
Merrill Lynch,11399,2008/1/1
IKEA,10913,2008/1/1
Canon,10876,2008/1/1
J.P. Morgan,10773,2008/1/1
Goldman Sachs,10331,2008/1/1
Kellogg's,9710,2008/1/1
Nintendo,8772,2008/1/1
UBS,8740,2008/1/1
Morgan Stanley,8696,2008/1/1
Philips,8325,2008/1/1
Thomson Reuters,8313,2008/1/1
Gucci,8254,2008/1/1
eBay,7991,2008/1/1
Accenture,7948,2008/1/1
Siemens,7943,2008/1/1
Ford,7896,2008/1/1
Harley-Davidson,7609,2008/1/1
L'Oréal,7508,2008/1/1
MTV,7193,2008/1/1
Volkswagen,7047,2008/1/1
AIG,7022,2008/1/1
AXA,7001,2008/1/1
Heinz,6646,2008/1/1
Colgate,6437,2008/1/1
Amazon,6434,2008/1/1
Xerox,6393,2008/1/1
Chanel,6355,2008/1/1
Wrigley,6105,2008/1/1
Zara,5955,2008/1/1
Nestlé,5592,2008/1/1
KFC,5582,2008/1/1
Yahoo!,5496,2008/1/1
Danone,5408,2008/1/1
Audi,5407,2008/1/1
Caterpillar,5288,2008/1/1
Avon,5264,2008/1/1
adidas,5072,2008/1/1
Rolex,4956,2008/1/1
Hyundai,4846,2008/1/1
BlackBerry,4802,2008/1/1
Kleenex,4636,2008/1/1
Porsche,4603,2008/1/1
Hermès,4575,2008/1/1
Gap,4357,2008/1/1
Panasonic,4281,2008/1/1
Cartier,4236,2008/1/1
Tiffany & Co.,4208,2008/1/1
Pizza Hut,4097,2008/1/1
Allianz,4033,2008/1/1
Moët & Chandon,3951,2008/1/1
BP,3911,2008/1/1
Starbucks,3879,2008/1/1
ING,3768,2008/1/1
Motorola,3721,2008/1/1
Duracell,3682,2008/1/1
Smirnoff,3590,2008/1/1
Lexus,3588,2008/1/1
Prada,3585,2008/1/1
Johnson & Johnson,3582,2008/1/1
Ferrari,3527,2008/1/1
Armani,3526,2008/1/1
Hennessy,3513,2008/1/1
Marriott,3502,2008/1/1
Shell,3471,2008/1/1
Nivea,3401,2008/1/1
FedEx,3359,2008/1/1
Visa,3338,2008/1/1
Coca-Cola,68734,2009/1/1
IBM,60211,2009/1/1
Microsoft,56647,2009/1/1
GE,47777,2009/1/1
Nokia,34864,2009/1/1
McDonald's,32275,2009/1/1
Google,31980,2009/1/1
Toyota,31330,2009/1/1
Intel,30636,2009/1/1
Disney,28447,2009/1/1
HP,24096,2009/1/1
Mercedes-Benz,23867,2009/1/1
Gillette,22841,2009/1/1
Cisco,22030,2009/1/1
BMW,21671,2009/1/1
Louis Vuitton,21120,2009/1/1
Marlboro,19010,2009/1/1
Honda,17803,2009/1/1
Samsung,17518,2009/1/1
Apple,15433,2009/1/1
H&M,15375,2009/1/1
American Express,14971,2009/1/1
Pepsi,13706,2009/1/1
Oracle,13699,2009/1/1
NESCAFÉ,13317,2009/1/1
Nike,13179,2009/1/1
SAP,12106,2009/1/1
IKEA,12004,2009/1/1
Sony,11953,2009/1/1
Budweiser,11833,2009/1/1
UPS,11594,2009/1/1
HSBC,10510,2009/1/1
Canon,10441,2009/1/1
Kellogg's,10428,2009/1/1
Dell,10291,2009/1/1
Citi,10254,2009/1/1
J.P. Morgan,9550,2009/1/1
Goldman Sachs,9248,2009/1/1
Nintendo,9210,2009/1/1
Thomson Reuters,8434,2009/1/1
Gucci,8182,2009/1/1
Philips,8121,2009/1/1
Amazon,7858,2009/1/1
L'Oréal,7748,2009/1/1
Accenture,7710,2009/1/1
eBay,7350,2009/1/1
Siemens,7308,2009/1/1
Heinz,7244,2009/1/1
Ford,7005,2009/1/1
Zara,6789,2009/1/1
Wrigley,6731,2009/1/1
Colgate,6550,2009/1/1
AXA,6525,2009/1/1
MTV,6523,2009/1/1
Volkswagen,6484,2009/1/1
Xerox,6431,2009/1/1
Morgan Stanley,6399,2009/1/1
Nestlé,6319,2009/1/1
Chanel,6040,2009/1/1
Danone,5960,2009/1/1
KFC,5722,2009/1/1
adidas,5397,2009/1/1
BlackBerry,5138,2009/1/1
Yahoo!,5111,2009/1/1
Audi,5010,2009/1/1
Caterpillar,5004,2009/1/1
Avon,4917,2009/1/1
Rolex,4609,2009/1/1
Hyundai,4604,2009/1/1
Hermès,4598,2009/1/1
Kleenex,4404,2009/1/1
UBS,4370,2009/1/1
Harley-Davidson,4337,2009/1/1
Porsche,4234,2009/1/1
Panasonic,4225,2009/1/1
Tiffany & Co.,4000,2009/1/1
Cartier,3968,2009/1/1
Gap,3922,2009/1/1
Pizza Hut,3876,2009/1/1
Johnson & Johnson,3847,2009/1/1
Allianz,3831,2009/1/1
Moët & Chandon,3754,2009/1/1
BP,3716,2009/1/1
Smirnoff,3698,2009/1/1
Duracell,3563,2009/1/1
Nivea,3557,2009/1/1
Prada,3530,2009/1/1
Ferrari,3527,2009/1/1
Armani,3303,2009/1/1
Starbucks,3263,2009/1/1
Lancôme,3235,2009/1/1
Shell,3228,2009/1/1
Burger King,3223,2009/1/1
Visa,3170,2009/1/1
Adobe,3161,2009/1/1
Lexus,3158,2009/1/1
Puma,3154,2009/1/1
Burberry,3095,2009/1/1
Ralph Lauren,3094,2009/1/1
Campbell's,3081,2009/1/1
Coca-Cola,70452,2010/1/1
IBM,64727,2010/1/1
Microsoft,60895,2010/1/1
Google,43557,2010/1/1
GE,42808,2010/1/1
McDonald's,33578,2010/1/1
Intel,32015,2010/1/1
Nokia,29495,2010/1/1
Disney,28731,2010/1/1
HP,26867,2010/1/1
Toyota,26192,2010/1/1
Mercedes-Benz,25179,2010/1/1
Gillette,23298,2010/1/1
Cisco,23219,2010/1/1
BMW,22322,2010/1/1
Louis Vuitton,21860,2010/1/1
Apple,21143,2010/1/1
Marlboro,19961,2010/1/1
Samsung,19491,2010/1/1
Honda,18506,2010/1/1
H&M,16136,2010/1/1
Oracle,14881,2010/1/1
Pepsi,14061,2010/1/1
American Express,13944,2010/1/1
Nike,13706,2010/1/1
SAP,12756,2010/1/1
NESCAFÉ,12753,2010/1/1
IKEA,12487,2010/1/1
J.P. Morgan,12314,2010/1/1
Budweiser,12252,2010/1/1
UPS,11826,2010/1/1
HSBC,11561,2010/1/1
Canon,11485,2010/1/1
Sony,11356,2010/1/1
Kellogg's,11041,2010/1/1
Amazon,9665,2010/1/1
Goldman Sachs,9372,2010/1/1
Nintendo,8990,2010/1/1
Thomson Reuters,8976,2010/1/1
Citi,8887,2010/1/1
Dell,8880,2010/1/1
Philips,8696,2010/1/1
eBay,8453,2010/1/1
Gucci,8346,2010/1/1
L'Oréal,7981,2010/1/1
Heinz,7534,2010/1/1
Accenture,7481,2010/1/1
Zara,7468,2010/1/1
Siemens,7315,2010/1/1
Ford,7195,2010/1/1
Colgate,6919,2010/1/1
Morgan Stanley,6911,2010/1/1
Volkswagen,6892,2010/1/1
BlackBerry,6762,2010/1/1
MTV,6719,2010/1/1
AXA,6694,2010/1/1
Nestlé,6548,2010/1/1
Danone,6363,2010/1/1
Xerox,6109,2010/1/1
KFC,5844,2010/1/1
Sprite,5777,2010/1/1
adidas,5495,2010/1/1
Audi,5461,2010/1/1
Avon,5072,2010/1/1
Hyundai,5033,2010/1/1
Yahoo!,4958,2010/1/1
Allianz,4904,2010/1/1
Banco Santander,4846,2010/1/1
Hermès,4782,2010/1/1
Caterpillar,4704,2010/1/1
Kleenex,4536,2010/1/1
Porsche,4404,2010/1/1
Panasonic,4351,2010/1/1
BARCLAYS,4218,2010/1/1
Johnson & Johnson,4155,2010/1/1
Tiffany & Co.,4127,2010/1/1
Cartier,4052,2010/1/1
Jack Daniel's,4036,2010/1/1
Moët & Chandon,4021,2010/1/1
Credit Suisse,4010,2010/1/1
Shell,4003,2010/1/1
Visa,3998,2010/1/1
Pizza Hut,3973,2010/1/1
Gap,3961,2010/1/1
Corona,3847,2010/1/1
UBS,3812,2010/1/1
Nivea,3734,2010/1/1
Adobe,3626,2010/1/1
Smirnoff,3624,2010/1/1
3M,3586,2010/1/1
Ferrari,3562,2010/1/1
Johnnie Walker,3557,2010/1/1
Heineken,3516,2010/1/1
ZURICH,3496,2010/1/1
Armani,3443,2010/1/1
Lancôme,3403,2010/1/1
Starbucks,3339,2010/1/1
Harley-Davidson,3281,2010/1/1
Campbell's,3241,2010/1/1
Burberry,3110,2010/1/1
Coca-Cola,71861,2011/1/1
IBM,69905,2011/1/1
Microsoft,59087,2011/1/1
Google,55317,2011/1/1
GE,42808,2011/1/1
McDonald's,35593,2011/1/1
Intel,35217,2011/1/1
Apple,33492,2011/1/1
Disney,29018,2011/1/1
HP,28479,2011/1/1
Toyota,27764,2011/1/1
Mercedes-Benz,27445,2011/1/1
Cisco,25309,2011/1/1
Nokia,25071,2011/1/1
BMW,24554,2011/1/1
Gillette,23997,2011/1/1
Samsung,23430,2011/1/1
Louis Vuitton,23172,2011/1/1
Honda,19431,2011/1/1
Oracle,17262,2011/1/1
H&M,16459,2011/1/1
Pepsi,14590,2011/1/1
American Express,14572,2011/1/1
SAP,14542,2011/1/1
Nike,14528,2011/1/1
Amazon,12758,2011/1/1
UPS,12536,2011/1/1
J.P. Morgan,12437,2011/1/1
Budweiser,12252,2011/1/1
NESCAFÉ,12115,2011/1/1
IKEA,11863,2011/1/1
HSBC,11792,2011/1/1
Canon,11715,2011/1/1
Kellogg's,11372,2011/1/1
Sony,9880,2011/1/1
eBay,9805,2011/1/1
Thomson Reuters,9515,2011/1/1
Goldman Sachs,9091,2011/1/1
Gucci,8763,2011/1/1
L'Oréal,8699,2011/1/1
Philips,8658,2011/1/1
Citi,8620,2011/1/1
Dell,8347,2011/1/1
Zara,8065,2011/1/1
Accenture,8005,2011/1/1
Siemens,7900,2011/1/1
Volkswagen,7857,2011/1/1
Nintendo,7731,2011/1/1
Heinz,7609,2011/1/1
Ford,7483,2011/1/1
Colgate,7127,2011/1/1
Danone,6936,2011/1/1
AXA,6694,2011/1/1
Morgan Stanley,6634,2011/1/1
Nestlé,6613,2011/1/1
BlackBerry,6424,2011/1/1
Xerox,6414,2011/1/1
MTV,6383,2011/1/1
Audi,6171,2011/1/1
adidas,6154,2011/1/1
Hyundai,6005,2011/1/1
KFC,5902,2011/1/1
Sprite,5604,2011/1/1
Caterpillar,5598,2011/1/1
Avon,5376,2011/1/1
Hermès,5356,2011/1/1
Allianz,5345,2011/1/1
Banco Santander,5088,2011/1/1
Panasonic,5047,2011/1/1
Cartier,4781,2011/1/1
Kleenex,4672,2011/1/1
Porsche,4580,2011/1/1
Tiffany & Co.,4498,2011/1/1
Shell,4483,2011/1/1
Visa,4478,2011/1/1
Yahoo!,4413,2011/1/1
Moët & Chandon,4383,2011/1/1
Jack Daniel's,4319,2011/1/1
BARCLAYS,4259,2011/1/1
Adobe,4170,2011/1/1
Pizza Hut,4092,2011/1/1
Credit Suisse,4090,2011/1/1
Johnson & Johnson,4072,2011/1/1
Gap,4040,2011/1/1
3M,3945,2011/1/1
Corona,3924,2011/1/1
Nivea,3883,2011/1/1
Johnnie Walker,3842,2011/1/1
Smirnoff,3841,2011/1/1
Nissan,3819,2011/1/1
Heineken,3809,2011/1/1
UBS,3799,2011/1/1
Armani,3794,2011/1/1
ZURICH,3769,2011/1/1
Burberry,3732,2011/1/1
Starbucks,3663,2011/1/1
John Deere,3651,2011/1/1
HTC,3605,2011/1/1
Ferrari,3591,2011/1/1
Harley-Davidson,3512,2011/1/1
Coca-Cola,77839,2012/1/1
Apple,76568,2012/1/1
IBM,75532,2012/1/1
Google,69726,2012/1/1
Microsoft,57853,2012/1/1
GE,43682,2012/1/1
McDonald's,40062,2012/1/1
Intel,39385,2012/1/1
Samsung,32893,2012/1/1
Toyota,30280,2012/1/1
Mercedes-Benz,30097,2012/1/1
BMW,29052,2012/1/1
Disney,27438,2012/1/1
Cisco,27197,2012/1/1
HP,26087,2012/1/1
Gillette,24898,2012/1/1
Louis Vuitton,23577,2012/1/1
Oracle,22126,2012/1/1
Nokia,21009,2012/1/1
Amazon,18625,2012/1/1
Honda,17280,2012/1/1
Pepsi,16594,2012/1/1
H&M,16571,2012/1/1
American Express,15702,2012/1/1
SAP,15641,2012/1/1
Nike,15126,2012/1/1
UPS,13088,2012/1/1
IKEA,12808,2012/1/1
Kellogg's,12068,2012/1/1
Canon,12029,2012/1/1
Budweiser,11872,2012/1/1
J.P. Morgan,11471,2012/1/1
HSBC,11378,2012/1/1
Pampers,11296,2012/1/1
NESCAFÉ,11089,2012/1/1
eBay,10947,2012/1/1
Zara,9488,2012/1/1
Gucci,9446,2012/1/1
Volkswagen,9252,2012/1/1
Sony,9111,2012/1/1
Philips,9066,2012/1/1
L'Oréal,8821,2012/1/1
Accenture,8745,2012/1/1
Thomson Reuters,8444,2012/1/1
Ford,7958,2012/1/1
Heinz,7722,2012/1/1
Colgate,7643,2012/1/1
Goldman Sachs,7599,2012/1/1
Dell,7591,2012/1/1
Citi,7570,2012/1/1
Siemens,7534,2012/1/1
Danone,7498,2012/1/1
Hyundai,7473,2012/1/1
Morgan Stanley,7218,2012/1/1
Audi,7196,2012/1/1
Nintendo,7082,2012/1/1
Nestlé,6916,2012/1/1
AXA,6748,2012/1/1
Xerox,6714,2012/1/1
adidas,6699,2012/1/1
Caterpillar,6306,2012/1/1
Allianz,6184,2012/1/1
Hermès,6182,2012/1/1
KFC,5994,2012/1/1
Panasonic,5765,2012/1/1
Sprite,5709,2012/1/1
MTV,5648,2012/1/1
Cartier,5495,2012/1/1
Facebook,5421,2012/1/1
Tiffany & Co.,5159,2012/1/1
Avon,5151,2012/1/1
Porsche,5149,2012/1/1
Nissan,4969,2012/1/1
Visa,4944,2012/1/1
Shell,4788,2012/1/1
Banco Santander,4771,2012/1/1
3M,4656,2012/1/1
Adobe,4557,2012/1/1
Johnson & Johnson,4378,2012/1/1
Kleenex,4360,2012/1/1
Jack Daniel's,4352,2012/1/1
Burberry,4342,2012/1/1
Johnnie Walker,4301,2012/1/1
Prada,4271,2012/1/1
John Deere,4221,2012/1/1
Pizza Hut,4193,2012/1/1
Kia,4089,2012/1/1
Starbucks,4062,2012/1/1
Corona,4061,2012/1/1
Smirnoff,4050,2012/1/1
Ralph Lauren,4038,2012/1/1
Heineken,3939,2012/1/1
BlackBerry,3922,2012/1/1
Mastercard,3896,2012/1/1
Credit Suisse,3866,2012/1/1
Harley-Davidson,3857,2012/1/1
Yahoo!,3851,2012/1/1
Moët & Chandon,3824,2012/1/1
Ferrari,3770,2012/1/1
Gap,3731,2012/1/1
Apple,98316,2013/1/1
Google,93291,2013/1/1
Coca-Cola,79213,2013/1/1
IBM,78808,2013/1/1
Microsoft,59546,2013/1/1
GE,46947,2013/1/1
McDonald's,41992,2013/1/1
Samsung,39610,2013/1/1
Intel,37257,2013/1/1
Toyota,35346,2013/1/1
Mercedes-Benz,31904,2013/1/1
BMW,31839,2013/1/1
Cisco,29053,2013/1/1
Disney,28147,2013/1/1
HP,25843,2013/1/1
Gillette,25105,2013/1/1
Louis Vuitton,24893,2013/1/1
Oracle,24088,2013/1/1
Amazon,23620,2013/1/1
Honda,18490,2013/1/1
H&M,18168,2013/1/1
Pepsi,17892,2013/1/1
American Express,17646,2013/1/1
Nike,17085,2013/1/1
SAP,16676,2013/1/1
IKEA,13818,2013/1/1
UPS,13763,2013/1/1
eBay,13162,2013/1/1
Pampers,13035,2013/1/1
Kellogg's,12987,2013/1/1
Budweiser,12614,2013/1/1
HSBC,12183,2013/1/1
J.P. Morgan,11456,2013/1/1
Volkswagen,11120,2013/1/1
Canon,10989,2013/1/1
Zara,10821,2013/1/1
NESCAFÉ,10651,2013/1/1
Gucci,10151,2013/1/1
L'Oréal,9874,2013/1/1
Philips,9813,2013/1/1
Accenture,9471,2013/1/1
Ford,9181,2013/1/1
Hyundai,9004,2013/1/1
Goldman Sachs,8536,2013/1/1
Siemens,8503,2013/1/1
Sony,8408,2013/1/1
Thomson Reuters,8103,2013/1/1
Citi,7973,2013/1/1
Danone,7968,2013/1/1
Colgate,7833,2013/1/1
Audi,7767,2013/1/1
Facebook,7732,2013/1/1
Heinz,7648,2013/1/1
Hermès,7616,2013/1/1
adidas,7535,2013/1/1
Nestlé,7527,2013/1/1
Nokia,7444,2013/1/1
Caterpillar,7125,2013/1/1
AXA,7096,2013/1/1
Cartier,6897,2013/1/1
Dell,6845,2013/1/1
Xerox,6779,2013/1/1
Allianz,6710,2013/1/1
Porsche,6471,2013/1/1
Nissan,6203,2013/1/1
KFC,6192,2013/1/1
Nintendo,6086,2013/1/1
Panasonic,5821,2013/1/1
Sprite,5811,2013/1/1
Discovery,5756,2013/1/1
Morgan Stanley,5724,2013/1/1
Prada,5570,2013/1/1
Shell,5535,2013/1/1
Visa,5465,2013/1/1
Tiffany & Co.,5440,2013/1/1
3M,5413,2013/1/1
Burberry,5189,2013/1/1
MTV,4980,2013/1/1
Adobe,4899,2013/1/1
John Deere,4865,2013/1/1
Johnson & Johnson,4777,2013/1/1
Johnnie Walker,4745,2013/1/1
Kia,4708,2013/1/1
Banco Santander,4660,2013/1/1
Duracell,4645,2013/1/1
Jack Daniel's,4642,2013/1/1
Avon,4610,2013/1/1
Ralph Lauren,4584,2013/1/1
Chevrolet,4578,2013/1/1
Kleenex,4428,2013/1/1
Starbucks,4399,2013/1/1
Heineken,4331,2013/1/1
Corona,4276,2013/1/1
Pizza Hut,4269,2013/1/1
Smirnoff,4262,2013/1/1
Harley-Davidson,4230,2013/1/1
Mastercard,4206,2013/1/1
Ferrari,4013,2013/1/1
Moët & Chandon,3943,2013/1/1
Gap,3920,2013/1/1
Apple,118863,2014/1/1
Google,107439,2014/1/1
Coca-Cola,81563,2014/1/1
IBM,72244,2014/1/1
Microsoft,61154,2014/1/1
GE,45480,2014/1/1
Samsung,45462,2014/1/1
Toyota,42392,2014/1/1
McDonald's,42254,2014/1/1
Mercedes-Benz,34338,2014/1/1
BMW,34214,2014/1/1
Intel,34153,2014/1/1
Disney,32223,2014/1/1
Cisco,30936,2014/1/1
Amazon,29478,2014/1/1
Oracle,25980,2014/1/1
HP,23758,2014/1/1
Gillette,22845,2014/1/1
Louis Vuitton,22552,2014/1/1
Honda,21673,2014/1/1
H&M,21083,2014/1/1
Nike,19875,2014/1/1
American Express,19510,2014/1/1
Pepsi,19119,2014/1/1
SAP,17340,2014/1/1
IKEA,15885,2014/1/1
UPS,14470,2014/1/1
eBay,14358,2014/1/1
Facebook,14349,2014/1/1
Pampers,14078,2014/1/1
Volkswagen,13716,2014/1/1
Kellogg's,13442,2014/1/1
HSBC,13142,2014/1/1
Budweiser,13024,2014/1/1
J.P. Morgan,12456,2014/1/1
Zara,12126,2014/1/1
Canon,11702,2014/1/1
NESCAFÉ,11406,2014/1/1
Ford,10876,2014/1/1
Hyundai,10409,2014/1/1
Gucci,10385,2014/1/1
Philips,10264,2014/1/1
L'Oréal,10162,2014/1/1
Accenture,9882,2014/1/1
Audi,9831,2014/1/1
Hermès,8977,2014/1/1
Goldman Sachs,8758,2014/1/1
Citi,8737,2014/1/1
Siemens,8672,2014/1/1
Colgate,8215,2014/1/1
Danone,8205,2014/1/1
Sony,8133,2014/1/1
AXA,8120,2014/1/1
Nestlé,8000,2014/1/1
Allianz,7702,2014/1/1
Nissan,7623,2014/1/1
Thomson Reuters,7472,2014/1/1
Cartier,7449,2014/1/1
adidas,7378,2014/1/1
Porsche,7171,2014/1/1
Caterpillar,6812,2014/1/1
Xerox,6641,2014/1/1
Morgan Stanley,6334,2014/1/1
Panasonic,6303,2014/1/1
Shell,6288,2014/1/1
3M,6177,2014/1/1
Discovery,6143,2014/1/1
KFC,6059,2014/1/1
Visa,5998,2014/1/1
Prada,5977,2014/1/1
Tiffany & Co.,5936,2014/1/1
Sprite,5646,2014/1/1
Burberry,5594,2014/1/1
Kia,5396,2014/1/1
Banco Santander,5382,2014/1/1
Starbucks,5382,2014/1/1
Adobe,5333,2014/1/1
Johnson & Johnson,5194,2014/1/1
John Deere,5124,2014/1/1
MTV,5102,2014/1/1
DHL,5084,2014/1/1
Chevrolet,5036,2014/1/1
Ralph Lauren,4979,2014/1/1
Duracell,4935,2014/1/1
Jack Daniel's,4884,2014/1/1
Johnnie Walker,4842,2014/1/1
Harley-Davidson,4772,2014/1/1
Mastercard,4758,2014/1/1
Kleenex,4643,2014/1/1
Smirnoff,4609,2014/1/1
Land Rover,4473,2014/1/1
FedEx,4414,2014/1/1
Corona,4387,2014/1/1
Huawei,4313,2014/1/1
Heineken,4221,2014/1/1
Pizza Hut,4196,2014/1/1
Hugo Boss,4143,2014/1/1
Nokia,4138,2014/1/1
Gap,4122,2014/1/1
Nintendo,4103,2014/1/1
Apple,170276,2015/1/1
Google,120314,2015/1/1
Coca-Cola,78423,2015/1/1
Microsoft,67670,2015/1/1
IBM,65095,2015/1/1
Toyota,49048,2015/1/1
Samsung,45297,2015/1/1
GE,42267,2015/1/1
McDonald's,39809,2015/1/1
Amazon,37948,2015/1/1
BMW,37212,2015/1/1
Mercedes-Benz,36711,2015/1/1
Disney,36514,2015/1/1
Intel,35415,2015/1/1
Cisco,29854,2015/1/1
Oracle,27283,2015/1/1
Nike,23070,2015/1/1
HP,23056,2015/1/1
Honda,22975,2015/1/1
Louis Vuitton,22250,2015/1/1
H&M,22222,2015/1/1
Gillette,22218,2015/1/1
Facebook,22029,2015/1/1
Pepsi,19622,2015/1/1
American Express,18922,2015/1/1
SAP,18768,2015/1/1
IKEA,16541,2015/1/1
Pampers,15267,2015/1/1
UPS,14723,2015/1/1
Zara,14031,2015/1/1
Budweiser,13943,2015/1/1
eBay,13940,2015/1/1
J.P. Morgan,13749,2015/1/1
Kellogg's,12637,2015/1/1
Volkswagen,12545,2015/1/1
NESCAFÉ,12257,2015/1/1
HSBC,11656,2015/1/1
Ford,11578,2015/1/1
Hyundai,11293,2015/1/1
Canon,11278,2015/1/1
Hermès,10944,2015/1/1
Accenture,10800,2015/1/1
L'Oréal,10798,2015/1/1
Audi,10328,2015/1/1
Citi,9784,2015/1/1
Goldman Sachs,9526,2015/1/1
Philips,9400,2015/1/1
AXA,9254,2015/1/1
Nissan,9082,2015/1/1
Gucci,8882,2015/1/1
Danone,8632,2015/1/1
Nestlé,8588,2015/1/1
Siemens,8553,2015/1/1
Allianz,8498,2015/1/1
Colgate,8464,2015/1/1
Porsche,8055,2015/1/1
Cartier,7924,2015/1/1
Sony,7702,2015/1/1
3M,7243,2015/1/1
Morgan Stanley,7083,2015/1/1
Visa,6870,2015/1/1
adidas,6811,2015/1/1
Thomson Reuters,6583,2015/1/1
Discovery,6509,2015/1/1
Panasonic,6436,2015/1/1
Tiffany & Co.,6306,2015/1/1
Starbucks,6266,2015/1/1
Adobe,6257,2015/1/1
Prada,6222,2015/1/1
Banco Santander,6097,2015/1/1
Xerox,6033,2015/1/1
Caterpillar,5976,2015/1/1
Burberry,5873,2015/1/1
Kia,5666,2015/1/1
KFC,5639,2015/1/1
Mastercard,5551,2015/1/1
Johnson & Johnson,5533,2015/1/1
Shell,5530,2015/1/1
Harley-Davidson,5460,2015/1/1
DHL,5391,2015/1/1
Sprite,5365,2015/1/1
LEGO,5362,2015/1/1
John Deere,5208,2015/1/1
Jack Daniel's,5161,2015/1/1
Chevrolet,5133,2015/1/1
FedEx,5130,2015/1/1
Land Rover,5109,2015/1/1
Huawei,4952,2015/1/1
Heineken,4822,2015/1/1
MTV,4763,2015/1/1
Ralph Lauren,4629,2015/1/1
Johnnie Walker,4540,2015/1/1
Corona,4456,2015/1/1
Smirnoff,4407,2015/1/1
Kleenex,4330,2015/1/1
Hugo Boss,4270,2015/1/1
PayPal,4251,2015/1/1
MINI,4243,2015/1/1
Moët & Chandon,4131,2015/1/1
Lenovo,4114,2015/1/1
Apple,178119,2016/1/1
Google,133252,2016/1/1
Coca-Cola,73102,2016/1/1
Microsoft,72795,2016/1/1
Toyota,53580,2016/1/1
IBM,52500,2016/1/1
Samsung,51808,2016/1/1
Amazon,50338,2016/1/1
Mercedes-Benz,43490,2016/1/1
GE,43130,2016/1/1
BMW,41535,2016/1/1
McDonald's,39381,2016/1/1
Disney,38790,2016/1/1
Intel,36952,2016/1/1
Facebook,32593,2016/1/1
Cisco,30948,2016/1/1
Oracle,26552,2016/1/1
Nike,25034,2016/1/1
Louis Vuitton,23998,2016/1/1
H&M,22681,2016/1/1
Honda,22106,2016/1/1
SAP,21293,2016/1/1
Pepsi,20265,2016/1/1
Gillette,19950,2016/1/1
American Express,18358,2016/1/1
IKEA,17834,2016/1/1
Zara,16766,2016/1/1
Pampers,16134,2016/1/1
UPS,15333,2016/1/1
Budweiser,15099,2016/1/1
J.P. Morgan,14227,2016/1/1
eBay,13136,2016/1/1
Ford,12962,2016/1/1
Hermès,12833,2016/1/1
Hyundai,12547,2016/1/1
NESCAFÉ,12517,2016/1/1
Accenture,12033,2016/1/1
Audi,11799,2016/1/1
Kellogg's,11711,2016/1/1
Volkswagen,11436,2016/1/1
Philips,11336,2016/1/1
Canon,11081,2016/1/1
Nissan,11066,2016/1/1
Hewlett Packard Enterprise,11027,2016/1/1
L'Oréal,10930,2016/1/1
AXA,10579,2016/1/1
HSBC,10458,2016/1/1
HP,10386,2016/1/1
Citi,10276,2016/1/1
Porsche,9537,2016/1/1
Allianz,9528,2016/1/1
Siemens,9415,2016/1/1
Gucci,9385,2016/1/1
Goldman Sachs,9378,2016/1/1
Danone,9197,2016/1/1
Nestlé,8708,2016/1/1
Colgate,8413,2016/1/1
Sony,8315,2016/1/1
3M,8199,2016/1/1
adidas,7885,2016/1/1
Visa,7747,2016/1/1
Cartier,7738,2016/1/1
Adobe,7586,2016/1/1
Starbucks,7490,2016/1/1
Morgan Stanley,7200,2016/1/1
Thomson Reuters,6830,2016/1/1
LEGO,6691,2016/1/1
Panasonic,6365,2016/1/1
Kia,6326,2016/1/1
Banco Santander,6223,2016/1/1
Discovery,5944,2016/1/1
Huawei,5835,2016/1/1
Johnson & Johnson,5790,2016/1/1
Tiffany & Co.,5761,2016/1/1
KFC,5742,2016/1/1
Mastercard,5736,2016/1/1
DHL,5708,2016/1/1
Land Rover,5696,2016/1/1
FedEx,5579,2016/1/1
Harley-Davidson,5527,2016/1/1
Prada,5504,2016/1/1
Caterpillar,5425,2016/1/1
Burberry,5362,2016/1/1
Xerox,5290,2016/1/1
Jack Daniel's,5193,2016/1/1
Sprite,5148,2016/1/1
Heineken,5123,2016/1/1
MINI,4986,2016/1/1
Dior,4909,2016/1/1
PayPal,4839,2016/1/1
John Deere,4815,2016/1/1
Shell,4599,2016/1/1
Corona,4509,2016/1/1
MTV,4320,2016/1/1
Johnnie Walker,4317,2016/1/1
Smirnoff,4252,2016/1/1
Moët & Chandon,4118,2016/1/1
Ralph Lauren,4092,2016/1/1
Lenovo,4045,2016/1/1
Tesla,4011,2016/1/1
Apple,184154,2017/1/1
Google,141703,2017/1/1
Microsoft,79999,2017/1/1
Coca-Cola,69733,2017/1/1
Amazon,64796,2017/1/1
Samsung,56249,2017/1/1
Toyota,50291,2017/1/1
Facebook,48188,2017/1/1
Mercedes-Benz,47829,2017/1/1
IBM,46829,2017/1/1
GE,44208,2017/1/1
McDonald's,41533,2017/1/1
BMW,41521,2017/1/1
Disney,40772,2017/1/1
Intel,39459,2017/1/1
Cisco,31930,2017/1/1
Oracle,27466,2017/1/1
Nike,27021,2017/1/1
Louis Vuitton,22919,2017/1/1
Honda,22696,2017/1/1
SAP,22635,2017/1/1
Pepsi,20491,2017/1/1
H&M,20488,2017/1/1
Zara,18573,2017/1/1
IKEA,18472,2017/1/1
Gillette,18200,2017/1/1
American Express,17787,2017/1/1
Pampers,16416,2017/1/1
UPS,16387,2017/1/1
J.P. Morgan,15749,2017/1/1
Budweiser,15375,2017/1/1
Hermès,14210,2017/1/1
Ford,13643,2017/1/1
eBay,13224,2017/1/1
Hyundai,13193,2017/1/1
NESCAFÉ,12661,2017/1/1
Accenture,12471,2017/1/1
Audi,12023,2017/1/1
Nissan,11534,2017/1/1
Volkswagen,11522,2017/1/1
Philips,11519,2017/1/1
AXA,11073,2017/1/1
Kellogg's,10972,2017/1/1
Goldman Sachs,10864,2017/1/1
L'Oréal,10674,2017/1/1
Citi,10599,2017/1/1
HSBC,10534,2017/1/1
Porsche,10129,2017/1/1
Allianz,10059,2017/1/1
Siemens,9982,2017/1/1
Gucci,9969,2017/1/1
Canon,9788,2017/1/1
HP,9541,2017/1/1
Danone,9322,2017/1/1
adidas,9216,2017/1/1
Adobe,9060,2017/1/1
Hewlett Packard Enterprise,8951,2017/1/1
3M,8947,2017/1/1
Nestlé,8728,2017/1/1
Starbucks,8704,2017/1/1
Sony,8474,2017/1/1
Colgate,8325,2017/1/1
Morgan Stanley,8205,2017/1/1
Visa,7815,2017/1/1
Cartier,7547,2017/1/1
Thomson Reuters,7100,2017/1/1
LEGO,7024,2017/1/1
Banco Santander,6702,2017/1/1
Kia,6683,2017/1/1
Huawei,6676,2017/1/1
Mastercard,6350,2017/1/1
FedEx,6255,2017/1/1
Land Rover,6095,2017/1/1
Johnson & Johnson,6041,2017/1/1
Panasonic,5983,2017/1/1
DHL,5715,2017/1/1
Harley-Davidson,5671,2017/1/1
Netflix,5592,2017/1/1
Discovery,5411,2017/1/1
PayPal,5408,2017/1/1
Tiffany & Co.,5394,2017/1/1
Jack Daniel's,5332,2017/1/1
KFC,5313,2017/1/1
Salesforce.com,5224,2017/1/1
Heineken,5181,2017/1/1
Burberry,5135,2017/1/1
MINI,5114,2017/1/1
Ferrari,4876,2017/1/1
Caterpillar,4868,2017/1/1
Sprite,4842,2017/1/1
Shell,4823,2017/1/1
John Deere,4783,2017/1/1
Corona,4776,2017/1/1
Prada,4716,2017/1/1
Dior,4587,2017/1/1
Johnnie Walker,4405,2017/1/1
Smirnoff,4288,2017/1/1
Tesla,4009,2017/1/1
Moët & Chandon,4006,2017/1/1
Lenovo,4004,2017/1/1
Apple,214480,2018/1/1
Google,155506,2018/1/1
Amazon,100764,2018/1/1
Microsoft,92715,2018/1/1
Coca-Cola,66341,2018/1/1
Samsung,59890,2018/1/1
Toyota,53404,2018/1/1
Mercedes-Benz,48601,2018/1/1
Facebook,45168,2018/1/1
McDonald's,43417,2018/1/1
Intel,43293,2018/1/1
IBM,42972,2018/1/1
BMW,41006,2018/1/1
Disney,39874,2018/1/1
Cisco,34575,2018/1/1
GE,32757,2018/1/1
Nike,30120,2018/1/1
Louis Vuitton,28152,2018/1/1
Oracle,26133,2018/1/1
Honda,23682,2018/1/1
SAP,22885,2018/1/1
Pepsi,20798,2018/1/1
Chanel,20005,2018/1/1
American Express,19139,2018/1/1
Zara,17712,2018/1/1
J.P. Morgan,17567,2018/1/1
IKEA,17458,2018/1/1
Gillette,16864,2018/1/1
UPS,16849,2018/1/1
H&M,16826,2018/1/1
Pampers,16617,2018/1/1
Hermès,16372,2018/1/1
Budweiser,15627,2018/1/1
Accenture,14214,2018/1/1
Ford,13995,2018/1/1
Hyundai,13535,2018/1/1
NESCAFÉ,13053,2018/1/1
eBay,13017,2018/1/1
Gucci,12942,2018/1/1
Nissan,12213,2018/1/1
Volkswagen,12201,2018/1/1
Audi,12187,2018/1/1
Philips,12104,2018/1/1
Goldman Sachs,11769,2018/1/1
Citi,11577,2018/1/1
HSBC,11208,2018/1/1
AXA,11118,2018/1/1
L'Oréal,11102,2018/1/1
Allianz,10821,2018/1/1
adidas,10772,2018/1/1
Adobe,10748,2018/1/1
Porsche,10707,2018/1/1
Kellogg's,10634,2018/1/1
HP,10433,2018/1/1
Canon,10380,2018/1/1
Siemens,10132,2018/1/1
Starbucks,9615,2018/1/1
Danone,9533,2018/1/1
Sony,9316,2018/1/1
3M,9104,2018/1/1
Visa,9021,2018/1/1
Nestlé,8938,2018/1/1
Morgan Stanley,8802,2018/1/1
Colgate,8659,2018/1/1
Hewlett Packard Enterprise,8157,2018/1/1
Netflix,8111,2018/1/1
Cartier,7646,2018/1/1
Huawei,7578,2018/1/1
Banco Santander,7547,2018/1/1
Mastercard,7545,2018/1/1
Kia,6925,2018/1/1
FedEx,6890,2018/1/1
PayPal,6621,2018/1/1
LEGO,6533,2018/1/1
Salesforce.com,6432,2018/1/1
Panasonic,6293,2018/1/1
Johnson & Johnson,6231,2018/1/1
Land Rover,6221,2018/1/1
DHL,5881,2018/1/1
Ferrari,5760,2018/1/1
Discovery,5755,2018/1/1
Caterpillar,5730,2018/1/1
Tiffany & Co.,5642,2018/1/1
Jack Daniel's,5641,2018/1/1
Corona,5517,2018/1/1
KFC,5481,2018/1/1
Heineken,5393,2018/1/1
John Deere,5375,2018/1/1
Shell,5276,2018/1/1
MINI,5254,2018/1/1
Dior,5223,2018/1/1
Spotify,5176,2018/1/1
Harley-Davidson,5161,2018/1/1
Burberry,4989,2018/1/1
Prada,4812,2018/1/1
Sprite,4733,2018/1/1
Johnnie Walker,4731,2018/1/1
Hennessy,4722,2018/1/1
Nintendo,4696,2018/1/1
Subaru,4214,2018/1/1
Apple,234241,2019/1/1
Google,167713,2019/1/1
Amazon,125263,2019/1/1
Microsoft,108847,2019/1/1
Coca-Cola,63365,2019/1/1
Samsung,61098,2019/1/1
Toyota,56246,2019/1/1
Mercedes-Benz,50832,2019/1/1
McDonald's,45362,2019/1/1
Disney,44352,2019/1/1
BMW,41440,2019/1/1
IBM,40381,2019/1/1
Intel,40197,2019/1/1
Facebook,39857,2019/1/1
Cisco,35559,2019/1/1
Nike,32376,2019/1/1
Louis Vuitton,32223,2019/1/1
Oracle,26288,2019/1/1
GE,25566,2019/1/1
SAP,25092,2019/1/1
Honda,24422,2019/1/1
Chanel,22134,2019/1/1
American Express,21629,2019/1/1
Pepsi,20488,2019/1/1
J.P. Morgan,19044,2019/1/1
IKEA,18407,2019/1/1
UPS,18072,2019/1/1
Hermès,17920,2019/1/1
Zara,17175,2019/1/1
H&M,16345,2019/1/1
Accenture,16205,2019/1/1
Budweiser,16018,2019/1/1
Gucci,15949,2019/1/1
Pampers,15773,2019/1/1
Ford,14325,2019/1/1
Hyundai,14156,2019/1/1
Gillette,13753,2019/1/1
NESCAFÉ,13605,2019/1/1
Adobe,12937,2019/1/1
Volkswagen,12921,2019/1/1
Citi,12697,2019/1/1
Audi,12689,2019/1/1
Allianz,12078,2019/1/1
eBay,12010,2019/1/1
adidas,11992,2019/1/1
AXA,11830,2019/1/1
HSBC,11816,2019/1/1
Starbucks,11798,2019/1/1
Philips,11661,2019/1/1
Porsche,11652,2019/1/1
L'Oréal,11589,2019/1/1
Nissan,11502,2019/1/1
Goldman Sachs,11352,2019/1/1
HP,10891,2019/1/1
Visa,10756,2019/1/1
Sony,10514,2019/1/1
Kellogg's,10419,2019/1/1
Siemens,10259,2019/1/1
Danone,9915,2019/1/1
Nestlé,9534,2019/1/1
Canon,9482,2019/1/1
Mastercard,9430,2019/1/1
Dell,9086,2019/1/1
3M,9035,2019/1/1
Netflix,8963,2019/1/1
Colgate,8824,2019/1/1
Banco Santander,8521,2019/1/1
Cartier,8192,2019/1/1
Morgan Stanley,8185,2019/1/1
Salesforce.com,8004,2019/1/1
Hewlett Packard Enterprise,7909,2019/1/1
PayPal,7604,2019/1/1
FedEx,6998,2019/1/1
Huawei,6887,2019/1/1
LEGO,6884,2019/1/1
Caterpillar,6791,2019/1/1
Ferrari,6458,2019/1/1
Kia,6428,2019/1/1
Corona,6369,2019/1/1
Jack Daniel's,6347,2019/1/1
Panasonic,6189,2019/1/1
Dior,6045,2019/1/1
DHL,5987,2019/1/1
John Deere,5883,2019/1/1
Land Rover,5855,2019/1/1
Johnson & Johnson,5720,2019/1/1
Uber,5714,2019/1/1
Heineken,5626,2019/1/1
Nintendo,5550,2019/1/1
MINI,5532,2019/1/1
Discovery,5525,2019/1/1
Spotify,5516,2019/1/1
KFC,5509,2019/1/1
Tiffany & Co.,5335,2019/1/1
Hennessy,5297,2019/1/1
Burberry,5205,2019/1/1
Shell,5105,2019/1/1
LinkedIn,4836,2019/1/1
Harley-Davidson,4793,2019/1/1
Prada,4781,2019/1/1
