DepTime,DayOfWeek,Holiday,Weekend,HighTemperature,Weather,WindStrength,Destination,Trips
2018/12/31 0:00,1,1,0,4,0,2,0,21
2018/12/31 0:00,1,1,0,4,0,2,1,4
2018/12/31 0:00,1,1,0,4,0,2,2,6
2018/12/31 0:00,1,1,0,4,0,2,3,16
2018/12/31 0:00,1,1,0,4,0,2,4,139
2018/12/31 0:00,1,1,0,4,0,2,5,9
2018/12/31 0:00,1,1,0,4,0,2,6,76
2018/12/31 0:00,1,1,0,4,0,2,7,27
2018/12/31 0:00,1,1,0,4,0,2,8,167
2018/12/31 0:00,1,1,0,4,0,2,9,27
2018/12/31 0:00,1,1,0,4,0,2,10,64
2018/12/31 0:00,1,1,0,4,0,2,11,13
2018/12/31 0:00,1,1,0,4,0,2,12,2
2018/12/31 0:00,1,1,0,4,0,2,13,19
2018/12/31 0:00,1,1,0,4,0,2,14,10
2018/12/31 0:00,1,1,0,4,0,2,15,7
2018/12/31 0:00,1,1,0,4,0,2,16,8
2018/12/31 0:00,1,1,0,4,0,2,17,7
2018/12/31 0:00,1,1,0,4,0,2,18,21
2018/12/31 0:00,1,1,0,4,0,2,19,11
2018/12/31 0:00,1,1,0,4,0,2,20,13
2018/12/31 0:00,1,1,0,4,0,2,21,11
2018/12/31 0:00,1,1,0,4,0,2,22,6
2018/12/31 0:00,1,1,0,4,0,2,23,16
2018/12/31 0:00,1,1,0,4,0,2,24,6
2018/12/31 0:00,1,1,0,4,0,2,25,34
2018/12/31 0:00,1,1,0,4,0,2,26,17
2018/12/31 0:00,1,1,0,4,0,2,27,8
2018/12/31 0:00,1,1,0,4,0,2,28,12
2018/12/31 0:00,1,1,0,4,0,2,29,20
2018/12/31 0:00,1,1,0,4,0,2,30,0
2018/12/31 0:00,1,1,0,4,0,2,31,13
2018/12/31 0:00,1,1,0,4,0,2,32,10
2018/12/31 0:00,1,1,0,4,0,2,33,2
2018/12/31 0:00,1,1,0,4,0,2,34,5
2018/12/31 0:00,1,1,0,4,0,2,35,2
2018/12/31 0:00,1,1,0,4,0,2,36,5
2018/12/31 0:00,1,1,0,4,0,2,37,3
2018/12/31 0:00,1,1,0,4,0,2,38,9
2018/12/31 0:00,1,1,0,4,0,2,39,12
2018/12/31 0:00,1,1,0,4,0,2,40,4
2018/12/31 0:00,1,1,0,4,0,2,41,0
2018/12/31 0:00,1,1,0,4,0,2,42,1
2018/12/31 0:00,1,1,0,4,0,2,43,13
2018/12/31 0:00,1,1,0,4,0,2,44,2
2018/12/31 0:00,1,1,0,4,0,2,45,4
2018/12/31 0:00,1,1,0,4,0,2,46,1
2018/12/31 0:00,1,1,0,4,0,2,47,0
2018/12/31 0:00,1,1,0,4,0,2,48,0
2018/12/31 1:00,1,1,0,4,0,2,0,17
2018/12/31 1:00,1,1,0,4,0,2,1,3
2018/12/31 1:00,1,1,0,4,0,2,2,9
2018/12/31 1:00,1,1,0,4,0,2,3,11
2018/12/31 1:00,1,1,0,4,0,2,4,104
2018/12/31 1:00,1,1,0,4,0,2,5,8
2018/12/31 1:00,1,1,0,4,0,2,6,56
2018/12/31 1:00,1,1,0,4,0,2,7,13
2018/12/31 1:00,1,1,0,4,0,2,8,122
2018/12/31 1:00,1,1,0,4,0,2,9,19
2018/12/31 1:00,1,1,0,4,0,2,10,45
2018/12/31 1:00,1,1,0,4,0,2,11,8
2018/12/31 1:00,1,1,0,4,0,2,12,4
2018/12/31 1:00,1,1,0,4,0,2,13,12
2018/12/31 1:00,1,1,0,4,0,2,14,6
2018/12/31 1:00,1,1,0,4,0,2,15,4
2018/12/31 1:00,1,1,0,4,0,2,16,6
2018/12/31 1:00,1,1,0,4,0,2,17,7
2018/12/31 1:00,1,1,0,4,0,2,18,9
2018/12/31 1:00,1,1,0,4,0,2,19,8
2018/12/31 1:00,1,1,0,4,0,2,20,8
2018/12/31 1:00,1,1,0,4,0,2,21,12
2018/12/31 1:00,1,1,0,4,0,2,22,4
2018/12/31 1:00,1,1,0,4,0,2,23,10
2018/12/31 1:00,1,1,0,4,0,2,24,4
2018/12/31 1:00,1,1,0,4,0,2,25,21
2018/12/31 1:00,1,1,0,4,0,2,26,14
2018/12/31 1:00,1,1,0,4,0,2,27,6
2018/12/31 1:00,1,1,0,4,0,2,28,6
2018/12/31 1:00,1,1,0,4,0,2,29,14
2018/12/31 1:00,1,1,0,4,0,2,30,3
2018/12/31 1:00,1,1,0,4,0,2,31,13
2018/12/31 1:00,1,1,0,4,0,2,32,4
2018/12/31 1:00,1,1,0,4,0,2,33,3
2018/12/31 1:00,1,1,0,4,0,2,34,2
2018/12/31 1:00,1,1,0,4,0,2,35,2
2018/12/31 1:00,1,1,0,4,0,2,36,0
2018/12/31 1:00,1,1,0,4,0,2,37,0
2018/12/31 1:00,1,1,0,4,0,2,38,4
2018/12/31 1:00,1,1,0,4,0,2,39,6
2018/12/31 1:00,1,1,0,4,0,2,40,3
2018/12/31 1:00,1,1,0,4,0,2,41,0
2018/12/31 1:00,1,1,0,4,0,2,42,0
2018/12/31 1:00,1,1,0,4,0,2,43,8
2018/12/31 1:00,1,1,0,4,0,2,44,3
2018/12/31 1:00,1,1,0,4,0,2,45,5
2018/12/31 1:00,1,1,0,4,0,2,46,0
2018/12/31 1:00,1,1,0,4,0,2,47,0
2018/12/31 1:00,1,1,0,4,0,2,48,0
2018/12/31 2:00,1,1,0,4,0,2,0,8
2018/12/31 2:00,1,1,0,4,0,2,1,3
2018/12/31 2:00,1,1,0,4,0,2,2,4
2018/12/31 2:00,1,1,0,4,0,2,3,18
2018/12/31 2:00,1,1,0,4,0,2,4,81
2018/12/31 2:00,1,1,0,4,0,2,5,4
2018/12/31 2:00,1,1,0,4,0,2,6,25
2018/12/31 2:00,1,1,0,4,0,2,7,11
2018/12/31 2:00,1,1,0,4,0,2,8,82
2018/12/31 2:00,1,1,0,4,0,2,9,20
2018/12/31 2:00,1,1,0,4,0,2,10,33
2018/12/31 2:00,1,1,0,4,0,2,11,14
2018/12/31 2:00,1,1,0,4,0,2,12,1
2018/12/31 2:00,1,1,0,4,0,2,13,7
2018/12/31 2:00,1,1,0,4,0,2,14,8
2018/12/31 2:00,1,1,0,4,0,2,15,2
2018/12/31 2:00,1,1,0,4,0,2,16,3
2018/12/31 2:00,1,1,0,4,0,2,17,2
2018/12/31 2:00,1,1,0,4,0,2,18,9
2018/12/31 2:00,1,1,0,4,0,2,19,4
2018/12/31 2:00,1,1,0,4,0,2,20,4
2018/12/31 2:00,1,1,0,4,0,2,21,6
2018/12/31 2:00,1,1,0,4,0,2,22,5
2018/12/31 2:00,1,1,0,4,0,2,23,11
2018/12/31 2:00,1,1,0,4,0,2,24,4
2018/12/31 2:00,1,1,0,4,0,2,25,15
2018/12/31 2:00,1,1,0,4,0,2,26,5
2018/12/31 2:00,1,1,0,4,0,2,27,4
2018/12/31 2:00,1,1,0,4,0,2,28,4
2018/12/31 2:00,1,1,0,4,0,2,29,10
2018/12/31 2:00,1,1,0,4,0,2,30,0
2018/12/31 2:00,1,1,0,4,0,2,31,10
2018/12/31 2:00,1,1,0,4,0,2,32,2
2018/12/31 2:00,1,1,0,4,0,2,33,0
2018/12/31 2:00,1,1,0,4,0,2,34,2
2018/12/31 2:00,1,1,0,4,0,2,35,1
2018/12/31 2:00,1,1,0,4,0,2,36,0
2018/12/31 2:00,1,1,0,4,0,2,37,0
2018/12/31 2:00,1,1,0,4,0,2,38,6
2018/12/31 2:00,1,1,0,4,0,2,39,2
2018/12/31 2:00,1,1,0,4,0,2,40,0
2018/12/31 2:00,1,1,0,4,0,2,41,0
2018/12/31 2:00,1,1,0,4,0,2,42,0
2018/12/31 2:00,1,1,0,4,0,2,43,7
2018/12/31 2:00,1,1,0,4,0,2,44,1
2018/12/31 2:00,1,1,0,4,0,2,45,4
2018/12/31 2:00,1,1,0,4,0,2,46,1
2018/12/31 2:00,1,1,0,4,0,2,47,1
2018/12/31 2:00,1,1,0,4,0,2,48,0
2018/12/31 3:00,1,1,0,4,0,2,0,4
2018/12/31 3:00,1,1,0,4,0,2,1,0
2018/12/31 3:00,1,1,0,4,0,2,2,5
2018/12/31 3:00,1,1,0,4,0,2,3,4
2018/12/31 3:00,1,1,0,4,0,2,4,65
2018/12/31 3:00,1,1,0,4,0,2,5,5
2018/12/31 3:00,1,1,0,4,0,2,6,18
2018/12/31 3:00,1,1,0,4,0,2,7,12
2018/12/31 3:00,1,1,0,4,0,2,8,47
2018/12/31 3:00,1,1,0,4,0,2,9,4
2018/12/31 3:00,1,1,0,4,0,2,10,27
2018/12/31 3:00,1,1,0,4,0,2,11,4
2018/12/31 3:00,1,1,0,4,0,2,12,2
2018/12/31 3:00,1,1,0,4,0,2,13,2
2018/12/31 3:00,1,1,0,4,0,2,14,6
2018/12/31 3:00,1,1,0,4,0,2,15,2
2018/12/31 3:00,1,1,0,4,0,2,16,2
2018/12/31 3:00,1,1,0,4,0,2,17,5
2018/12/31 3:00,1,1,0,4,0,2,18,5
2018/12/31 3:00,1,1,0,4,0,2,19,3
2018/12/31 3:00,1,1,0,4,0,2,20,1
2018/12/31 3:00,1,1,0,4,0,2,21,5
2018/12/31 3:00,1,1,0,4,0,2,22,1
2018/12/31 3:00,1,1,0,4,0,2,23,3
2018/12/31 3:00,1,1,0,4,0,2,24,2
2018/12/31 3:00,1,1,0,4,0,2,25,9
2018/12/31 3:00,1,1,0,4,0,2,26,10
2018/12/31 3:00,1,1,0,4,0,2,27,1
2018/12/31 3:00,1,1,0,4,0,2,28,3
2018/12/31 3:00,1,1,0,4,0,2,29,3
2018/12/31 3:00,1,1,0,4,0,2,30,1
2018/12/31 3:00,1,1,0,4,0,2,31,6
2018/12/31 3:00,1,1,0,4,0,2,32,2
2018/12/31 3:00,1,1,0,4,0,2,33,2
2018/12/31 3:00,1,1,0,4,0,2,34,17
2018/12/31 3:00,1,1,0,4,0,2,35,0
2018/12/31 3:00,1,1,0,4,0,2,36,2
2018/12/31 3:00,1,1,0,4,0,2,37,3
2018/12/31 3:00,1,1,0,4,0,2,38,4
2018/12/31 3:00,1,1,0,4,0,2,39,0
2018/12/31 3:00,1,1,0,4,0,2,40,1
2018/12/31 3:00,1,1,0,4,0,2,41,0
2018/12/31 3:00,1,1,0,4,0,2,42,0
2018/12/31 3:00,1,1,0,4,0,2,43,4
2018/12/31 3:00,1,1,0,4,0,2,44,1
2018/12/31 3:00,1,1,0,4,0,2,45,3
2018/12/31 3:00,1,1,0,4,0,2,46,2
2018/12/31 3:00,1,1,0,4,0,2,47,0
2018/12/31 3:00,1,1,0,4,0,2,48,0
2018/12/31 4:00,1,1,0,4,0,2,0,3
2018/12/31 4:00,1,1,0,4,0,2,1,2
2018/12/31 4:00,1,1,0,4,0,2,2,6
2018/12/31 4:00,1,1,0,4,0,2,3,1
2018/12/31 4:00,1,1,0,4,0,2,4,37
2018/12/31 4:00,1,1,0,4,0,2,5,3
2018/12/31 4:00,1,1,0,4,0,2,6,9
2018/12/31 4:00,1,1,0,4,0,2,7,11
2018/12/31 4:00,1,1,0,4,0,2,8,36
2018/12/31 4:00,1,1,0,4,0,2,9,7
2018/12/31 4:00,1,1,0,4,0,2,10,17
2018/12/31 4:00,1,1,0,4,0,2,11,3
2018/12/31 4:00,1,1,0,4,0,2,12,0
2018/12/31 4:00,1,1,0,4,0,2,13,2
2018/12/31 4:00,1,1,0,4,0,2,14,3
2018/12/31 4:00,1,1,0,4,0,2,15,3
2018/12/31 4:00,1,1,0,4,0,2,16,2
2018/12/31 4:00,1,1,0,4,0,2,17,17
2018/12/31 4:00,1,1,0,4,0,2,18,3
2018/12/31 4:00,1,1,0,4,0,2,19,2
2018/12/31 4:00,1,1,0,4,0,2,20,1
2018/12/31 4:00,1,1,0,4,0,2,21,3
2018/12/31 4:00,1,1,0,4,0,2,22,1
2018/12/31 4:00,1,1,0,4,0,2,23,1
2018/12/31 4:00,1,1,0,4,0,2,24,1
2018/12/31 4:00,1,1,0,4,0,2,25,4
2018/12/31 4:00,1,1,0,4,0,2,26,3
2018/12/31 4:00,1,1,0,4,0,2,27,2
2018/12/31 4:00,1,1,0,4,0,2,28,3
2018/12/31 4:00,1,1,0,4,0,2,29,1
2018/12/31 4:00,1,1,0,4,0,2,30,0
2018/12/31 4:00,1,1,0,4,0,2,31,2
2018/12/31 4:00,1,1,0,4,0,2,32,1
2018/12/31 4:00,1,1,0,4,0,2,33,1
2018/12/31 4:00,1,1,0,4,0,2,34,65
2018/12/31 4:00,1,1,0,4,0,2,35,0
2018/12/31 4:00,1,1,0,4,0,2,36,1
2018/12/31 4:00,1,1,0,4,0,2,37,1
2018/12/31 4:00,1,1,0,4,0,2,38,2
2018/12/31 4:00,1,1,0,4,0,2,39,2
2018/12/31 4:00,1,1,0,4,0,2,40,0
2018/12/31 4:00,1,1,0,4,0,2,41,0
2018/12/31 4:00,1,1,0,4,0,2,42,0
2018/12/31 4:00,1,1,0,4,0,2,43,0
2018/12/31 4:00,1,1,0,4,0,2,44,0
2018/12/31 4:00,1,1,0,4,0,2,45,0
2018/12/31 4:00,1,1,0,4,0,2,46,0
2018/12/31 4:00,1,1,0,4,0,2,47,0
2018/12/31 4:00,1,1,0,4,0,2,48,0
2018/12/31 5:00,1,1,0,4,0,2,0,4
2018/12/31 5:00,1,1,0,4,0,2,1,0
2018/12/31 5:00,1,1,0,4,0,2,2,0
2018/12/31 5:00,1,1,0,4,0,2,3,5
2018/12/31 5:00,1,1,0,4,0,2,4,41
2018/12/31 5:00,1,1,0,4,0,2,5,3
2018/12/31 5:00,1,1,0,4,0,2,6,8
2018/12/31 5:00,1,1,0,4,0,2,7,48
2018/12/31 5:00,1,1,0,4,0,2,8,45
2018/12/31 5:00,1,1,0,4,0,2,9,14
2018/12/31 5:00,1,1,0,4,0,2,10,12
2018/12/31 5:00,1,1,0,4,0,2,11,2
2018/12/31 5:00,1,1,0,4,0,2,12,0
2018/12/31 5:00,1,1,0,4,0,2,13,1
2018/12/31 5:00,1,1,0,4,0,2,14,6
2018/12/31 5:00,1,1,0,4,0,2,15,1
2018/12/31 5:00,1,1,0,4,0,2,16,2
2018/12/31 5:00,1,1,0,4,0,2,17,23
2018/12/31 5:00,1,1,0,4,0,2,18,7
2018/12/31 5:00,1,1,0,4,0,2,19,2
2018/12/31 5:00,1,1,0,4,0,2,20,0
2018/12/31 5:00,1,1,0,4,0,2,21,0
2018/12/31 5:00,1,1,0,4,0,2,22,2
2018/12/31 5:00,1,1,0,4,0,2,23,1
2018/12/31 5:00,1,1,0,4,0,2,24,2
2018/12/31 5:00,1,1,0,4,0,2,25,3
2018/12/31 5:00,1,1,0,4,0,2,26,1
2018/12/31 5:00,1,1,0,4,0,2,27,1
2018/12/31 5:00,1,1,0,4,0,2,28,1
2018/12/31 5:00,1,1,0,4,0,2,29,2
2018/12/31 5:00,1,1,0,4,0,2,30,0
2018/12/31 5:00,1,1,0,4,0,2,31,0
2018/12/31 5:00,1,1,0,4,0,2,32,0
2018/12/31 5:00,1,1,0,4,0,2,33,0
2018/12/31 5:00,1,1,0,4,0,2,34,94
2018/12/31 5:00,1,1,0,4,0,2,35,0
2018/12/31 5:00,1,1,0,4,0,2,36,1
2018/12/31 5:00,1,1,0,4,0,2,37,0
2018/12/31 5:00,1,1,0,4,0,2,38,2
2018/12/31 5:00,1,1,0,4,0,2,39,1
2018/12/31 5:00,1,1,0,4,0,2,40,0
2018/12/31 5:00,1,1,0,4,0,2,41,0
2018/12/31 5:00,1,1,0,4,0,2,42,0
2018/12/31 5:00,1,1,0,4,0,2,43,2
2018/12/31 5:00,1,1,0,4,0,2,44,1
2018/12/31 5:00,1,1,0,4,0,2,45,2
2018/12/31 5:00,1,1,0,4,0,2,46,0
2018/12/31 5:00,1,1,0,4,0,2,47,0
2018/12/31 5:00,1,1,0,4,0,2,48,0
2018/12/31 6:00,1,1,0,4,0,2,0,13
2018/12/31 6:00,1,1,0,4,0,2,1,2
2018/12/31 6:00,1,1,0,4,0,2,2,2
2018/12/31 6:00,1,1,0,4,0,2,3,4
2018/12/31 6:00,1,1,0,4,0,2,4,70
2018/12/31 6:00,1,1,0,4,0,2,5,7
2018/12/31 6:00,1,1,0,4,0,2,6,45
2018/12/31 6:00,1,1,0,4,0,2,7,105
2018/12/31 6:00,1,1,0,4,0,2,8,101
2018/12/31 6:00,1,1,0,4,0,2,9,42
2018/12/31 6:00,1,1,0,4,0,2,10,11
2018/12/31 6:00,1,1,0,4,0,2,11,1
2018/12/31 6:00,1,1,0,4,0,2,12,0
2018/12/31 6:00,1,1,0,4,0,2,13,0
2018/12/31 6:00,1,1,0,4,0,2,14,20
2018/12/31 6:00,1,1,0,4,0,2,15,2
2018/12/31 6:00,1,1,0,4,0,2,16,1
2018/12/31 6:00,1,1,0,4,0,2,17,43
2018/12/31 6:00,1,1,0,4,0,2,18,6
2018/12/31 6:00,1,1,0,4,0,2,19,0
2018/12/31 6:00,1,1,0,4,0,2,20,0
2018/12/31 6:00,1,1,0,4,0,2,21,3
2018/12/31 6:00,1,1,0,4,0,2,22,0
2018/12/31 6:00,1,1,0,4,0,2,23,5
2018/12/31 6:00,1,1,0,4,0,2,24,5
2018/12/31 6:00,1,1,0,4,0,2,25,5
2018/12/31 6:00,1,1,0,4,0,2,26,3
2018/12/31 6:00,1,1,0,4,0,2,27,1
2018/12/31 6:00,1,1,0,4,0,2,28,2
2018/12/31 6:00,1,1,0,4,0,2,29,0
2018/12/31 6:00,1,1,0,4,0,2,30,0
2018/12/31 6:00,1,1,0,4,0,2,31,1
2018/12/31 6:00,1,1,0,4,0,2,32,1
2018/12/31 6:00,1,1,0,4,0,2,33,3
2018/12/31 6:00,1,1,0,4,0,2,34,56
2018/12/31 6:00,1,1,0,4,0,2,35,1
2018/12/31 6:00,1,1,0,4,0,2,36,1
2018/12/31 6:00,1,1,0,4,0,2,37,1
2018/12/31 6:00,1,1,0,4,0,2,38,0
2018/12/31 6:00,1,1,0,4,0,2,39,1
2018/12/31 6:00,1,1,0,4,0,2,40,0
2018/12/31 6:00,1,1,0,4,0,2,41,2
2018/12/31 6:00,1,1,0,4,0,2,42,14
2018/12/31 6:00,1,1,0,4,0,2,43,1
2018/12/31 6:00,1,1,0,4,0,2,44,2
2018/12/31 6:00,1,1,0,4,0,2,45,1
2018/12/31 6:00,1,1,0,4,0,2,46,0
2018/12/31 6:00,1,1,0,4,0,2,47,1
2018/12/31 6:00,1,1,0,4,0,2,48,0
2018/12/31 7:00,1,1,0,4,0,2,0,60
2018/12/31 7:00,1,1,0,4,0,2,1,5
2018/12/31 7:00,1,1,0,4,0,2,2,8
2018/12/31 7:00,1,1,0,4,0,2,3,7
2018/12/31 7:00,1,1,0,4,0,2,4,353
2018/12/31 7:00,1,1,0,4,0,2,5,19
2018/12/31 7:00,1,1,0,4,0,2,6,255
2018/12/31 7:00,1,1,0,4,0,2,7,178
2018/12/31 7:00,1,1,0,4,0,2,8,460
2018/12/31 7:00,1,1,0,4,0,2,9,293
2018/12/31 7:00,1,1,0,4,0,2,10,70
2018/12/31 7:00,1,1,0,4,0,2,11,6
2018/12/31 7:00,1,1,0,4,0,2,12,1
2018/12/31 7:00,1,1,0,4,0,2,13,4
2018/12/31 7:00,1,1,0,4,0,2,14,114
2018/12/31 7:00,1,1,0,4,0,2,15,10
2018/12/31 7:00,1,1,0,4,0,2,16,4
2018/12/31 7:00,1,1,0,4,0,2,17,103
2018/12/31 7:00,1,1,0,4,0,2,18,35
2018/12/31 7:00,1,1,0,4,0,2,19,5
2018/12/31 7:00,1,1,0,4,0,2,20,1
2018/12/31 7:00,1,1,0,4,0,2,21,2
2018/12/31 7:00,1,1,0,4,0,2,22,3
2018/12/31 7:00,1,1,0,4,0,2,23,33
2018/12/31 7:00,1,1,0,4,0,2,24,15
2018/12/31 7:00,1,1,0,4,0,2,25,24
2018/12/31 7:00,1,1,0,4,0,2,26,56
2018/12/31 7:00,1,1,0,4,0,2,27,5
2018/12/31 7:00,1,1,0,4,0,2,28,11
2018/12/31 7:00,1,1,0,4,0,2,29,10
2018/12/31 7:00,1,1,0,4,0,2,30,0
2018/12/31 7:00,1,1,0,4,0,2,31,7
2018/12/31 7:00,1,1,0,4,0,2,32,1
2018/12/31 7:00,1,1,0,4,0,2,33,8
2018/12/31 7:00,1,1,0,4,0,2,34,103
2018/12/31 7:00,1,1,0,4,0,2,35,2
2018/12/31 7:00,1,1,0,4,0,2,36,9
2018/12/31 7:00,1,1,0,4,0,2,37,3
2018/12/31 7:00,1,1,0,4,0,2,38,3
2018/12/31 7:00,1,1,0,4,0,2,39,7
2018/12/31 7:00,1,1,0,4,0,2,40,1
2018/12/31 7:00,1,1,0,4,0,2,41,8
2018/12/31 7:00,1,1,0,4,0,2,42,41
2018/12/31 7:00,1,1,0,4,0,2,43,3
2018/12/31 7:00,1,1,0,4,0,2,44,11
2018/12/31 7:00,1,1,0,4,0,2,45,5
2018/12/31 7:00,1,1,0,4,0,2,46,1
2018/12/31 7:00,1,1,0,4,0,2,47,8
2018/12/31 7:00,1,1,0,4,0,2,48,0
2018/12/31 8:00,1,1,0,4,0,2,0,78
2018/12/31 8:00,1,1,0,4,0,2,1,10
2018/12/31 8:00,1,1,0,4,0,2,2,7
2018/12/31 8:00,1,1,0,4,0,2,3,31
2018/12/31 8:00,1,1,0,4,0,2,4,587
2018/12/31 8:00,1,1,0,4,0,2,5,32
2018/12/31 8:00,1,1,0,4,0,2,6,491
2018/12/31 8:00,1,1,0,4,0,2,7,327
2018/12/31 8:00,1,1,0,4,0,2,8,813
2018/12/31 8:00,1,1,0,4,0,2,9,436
2018/12/31 8:00,1,1,0,4,0,2,10,126
2018/12/31 8:00,1,1,0,4,0,2,11,14
2018/12/31 8:00,1,1,0,4,0,2,12,11
2018/12/31 8:00,1,1,0,4,0,2,13,12
2018/12/31 8:00,1,1,0,4,0,2,14,191
2018/12/31 8:00,1,1,0,4,0,2,15,9
2018/12/31 8:00,1,1,0,4,0,2,16,7
2018/12/31 8:00,1,1,0,4,0,2,17,93
2018/12/31 8:00,1,1,0,4,0,2,18,171
2018/12/31 8:00,1,1,0,4,0,2,19,14
2018/12/31 8:00,1,1,0,4,0,2,20,2
2018/12/31 8:00,1,1,0,4,0,2,21,12
2018/12/31 8:00,1,1,0,4,0,2,22,12
2018/12/31 8:00,1,1,0,4,0,2,23,70
2018/12/31 8:00,1,1,0,4,0,2,24,20
2018/12/31 8:00,1,1,0,4,0,2,25,69
2018/12/31 8:00,1,1,0,4,0,2,26,121
2018/12/31 8:00,1,1,0,4,0,2,27,18
2018/12/31 8:00,1,1,0,4,0,2,28,33
2018/12/31 8:00,1,1,0,4,0,2,29,33
2018/12/31 8:00,1,1,0,4,0,2,30,3
2018/12/31 8:00,1,1,0,4,0,2,31,16
2018/12/31 8:00,1,1,0,4,0,2,32,9
2018/12/31 8:00,1,1,0,4,0,2,33,14
2018/12/31 8:00,1,1,0,4,0,2,34,141
2018/12/31 8:00,1,1,0,4,0,2,35,10
2018/12/31 8:00,1,1,0,4,0,2,36,10
2018/12/31 8:00,1,1,0,4,0,2,37,10
2018/12/31 8:00,1,1,0,4,0,2,38,3
2018/12/31 8:00,1,1,0,4,0,2,39,13
2018/12/31 8:00,1,1,0,4,0,2,40,3
2018/12/31 8:00,1,1,0,4,0,2,41,11
2018/12/31 8:00,1,1,0,4,0,2,42,148
2018/12/31 8:00,1,1,0,4,0,2,43,21
2018/12/31 8:00,1,1,0,4,0,2,44,29
2018/12/31 8:00,1,1,0,4,0,2,45,1
2018/12/31 8:00,1,1,0,4,0,2,46,3
2018/12/31 8:00,1,1,0,4,0,2,47,10
2018/12/31 8:00,1,1,0,4,0,2,48,0
2018/12/31 9:00,1,1,0,4,0,2,0,79
2018/12/31 9:00,1,1,0,4,0,2,1,17
2018/12/31 9:00,1,1,0,4,0,2,2,14
2018/12/31 9:00,1,1,0,4,0,2,3,29
2018/12/31 9:00,1,1,0,4,0,2,4,649
2018/12/31 9:00,1,1,0,4,0,2,5,49
2018/12/31 9:00,1,1,0,4,0,2,6,502
2018/12/31 9:00,1,1,0,4,0,2,7,369
2018/12/31 9:00,1,1,0,4,0,2,8,1212
2018/12/31 9:00,1,1,0,4,0,2,9,417
2018/12/31 9:00,1,1,0,4,0,2,10,117
2018/12/31 9:00,1,1,0,4,0,2,11,20
2018/12/31 9:00,1,1,0,4,0,2,12,8
2018/12/31 9:00,1,1,0,4,0,2,13,7
2018/12/31 9:00,1,1,0,4,0,2,14,168
2018/12/31 9:00,1,1,0,4,0,2,15,17
2018/12/31 9:00,1,1,0,4,0,2,16,10
2018/12/31 9:00,1,1,0,4,0,2,17,176
2018/12/31 9:00,1,1,0,4,0,2,18,132
2018/12/31 9:00,1,1,0,4,0,2,19,16
2018/12/31 9:00,1,1,0,4,0,2,20,4
2018/12/31 9:00,1,1,0,4,0,2,21,8
2018/12/31 9:00,1,1,0,4,0,2,22,16
2018/12/31 9:00,1,1,0,4,0,2,23,74
2018/12/31 9:00,1,1,0,4,0,2,24,16
2018/12/31 9:00,1,1,0,4,0,2,25,66
2018/12/31 9:00,1,1,0,4,0,2,26,139
2018/12/31 9:00,1,1,0,4,0,2,27,6
2018/12/31 9:00,1,1,0,4,0,2,28,57
2018/12/31 9:00,1,1,0,4,0,2,29,33
2018/12/31 9:00,1,1,0,4,0,2,30,1
2018/12/31 9:00,1,1,0,4,0,2,31,31
2018/12/31 9:00,1,1,0,4,0,2,32,13
2018/12/31 9:00,1,1,0,4,0,2,33,26
2018/12/31 9:00,1,1,0,4,0,2,34,136
2018/12/31 9:00,1,1,0,4,0,2,35,10
2018/12/31 9:00,1,1,0,4,0,2,36,21
2018/12/31 9:00,1,1,0,4,0,2,37,1
2018/12/31 9:00,1,1,0,4,0,2,38,10
2018/12/31 9:00,1,1,0,4,0,2,39,14
2018/12/31 9:00,1,1,0,4,0,2,40,2
2018/12/31 9:00,1,1,0,4,0,2,41,12
2018/12/31 9:00,1,1,0,4,0,2,42,33
2018/12/31 9:00,1,1,0,4,0,2,43,10
2018/12/31 9:00,1,1,0,4,0,2,44,24
2018/12/31 9:00,1,1,0,4,0,2,45,10
2018/12/31 9:00,1,1,0,4,0,2,46,4
2018/12/31 9:00,1,1,0,4,0,2,47,14
2018/12/31 9:00,1,1,0,4,0,2,48,0
2018/12/31 10:00,1,1,0,4,0,2,0,69
2018/12/31 10:00,1,1,0,4,0,2,1,16
2018/12/31 10:00,1,1,0,4,0,2,2,17
2018/12/31 10:00,1,1,0,4,0,2,3,45
2018/12/31 10:00,1,1,0,4,0,2,4,584
2018/12/31 10:00,1,1,0,4,0,2,5,53
2018/12/31 10:00,1,1,0,4,0,2,6,442
2018/12/31 10:00,1,1,0,4,0,2,7,276
2018/12/31 10:00,1,1,0,4,0,2,8,1126
2018/12/31 10:00,1,1,0,4,0,2,9,353
2018/12/31 10:00,1,1,0,4,0,2,10,138
2018/12/31 10:00,1,1,0,4,0,2,11,20
2018/12/31 10:00,1,1,0,4,0,2,12,6
2018/12/31 10:00,1,1,0,4,0,2,13,7
2018/12/31 10:00,1,1,0,4,0,2,14,131
2018/12/31 10:00,1,1,0,4,0,2,15,20
2018/12/31 10:00,1,1,0,4,0,2,16,10
2018/12/31 10:00,1,1,0,4,0,2,17,185
2018/12/31 10:00,1,1,0,4,0,2,18,120
2018/12/31 10:00,1,1,0,4,0,2,19,14
2018/12/31 10:00,1,1,0,4,0,2,20,1
2018/12/31 10:00,1,1,0,4,0,2,21,13
2018/12/31 10:00,1,1,0,4,0,2,22,15
2018/12/31 10:00,1,1,0,4,0,2,23,68
2018/12/31 10:00,1,1,0,4,0,2,24,22
2018/12/31 10:00,1,1,0,4,0,2,25,59
2018/12/31 10:00,1,1,0,4,0,2,26,93
2018/12/31 10:00,1,1,0,4,0,2,27,12
2018/12/31 10:00,1,1,0,4,0,2,28,68
2018/12/31 10:00,1,1,0,4,0,2,29,20
2018/12/31 10:00,1,1,0,4,0,2,30,6
2018/12/31 10:00,1,1,0,4,0,2,31,37
2018/12/31 10:00,1,1,0,4,0,2,32,12
2018/12/31 10:00,1,1,0,4,0,2,33,18
2018/12/31 10:00,1,1,0,4,0,2,34,114
2018/12/31 10:00,1,1,0,4,0,2,35,16
2018/12/31 10:00,1,1,0,4,0,2,36,25
2018/12/31 10:00,1,1,0,4,0,2,37,6
2018/12/31 10:00,1,1,0,4,0,2,38,32
2018/12/31 10:00,1,1,0,4,0,2,39,21
2018/12/31 10:00,1,1,0,4,0,2,40,9
2018/12/31 10:00,1,1,0,4,0,2,41,12
2018/12/31 10:00,1,1,0,4,0,2,42,33
2018/12/31 10:00,1,1,0,4,0,2,43,18
2018/12/31 10:00,1,1,0,4,0,2,44,10
2018/12/31 10:00,1,1,0,4,0,2,45,6
2018/12/31 10:00,1,1,0,4,0,2,46,5
2018/12/31 10:00,1,1,0,4,0,2,47,10
2018/12/31 10:00,1,1,0,4,0,2,48,0
2018/12/31 11:00,1,1,0,4,0,2,0,105
2018/12/31 11:00,1,1,0,4,0,2,1,23
2018/12/31 11:00,1,1,0,4,0,2,2,17
2018/12/31 11:00,1,1,0,4,0,2,3,64
2018/12/31 11:00,1,1,0,4,0,2,4,893
2018/12/31 11:00,1,1,0,4,0,2,5,59
2018/12/31 11:00,1,1,0,4,0,2,6,544
2018/12/31 11:00,1,1,0,4,0,2,7,374
2018/12/31 11:00,1,1,0,4,0,2,8,1251
2018/12/31 11:00,1,1,0,4,0,2,9,352
2018/12/31 11:00,1,1,0,4,0,2,10,179
2018/12/31 11:00,1,1,0,4,0,2,11,21
2018/12/31 11:00,1,1,0,4,0,2,12,6
2018/12/31 11:00,1,1,0,4,0,2,13,15
2018/12/31 11:00,1,1,0,4,0,2,14,150
2018/12/31 11:00,1,1,0,4,0,2,15,27
2018/12/31 11:00,1,1,0,4,0,2,16,15
2018/12/31 11:00,1,1,0,4,0,2,17,194
2018/12/31 11:00,1,1,0,4,0,2,18,109
2018/12/31 11:00,1,1,0,4,0,2,19,31
2018/12/31 11:00,1,1,0,4,0,2,20,10
2018/12/31 11:00,1,1,0,4,0,2,21,18
2018/12/31 11:00,1,1,0,4,0,2,22,22
2018/12/31 11:00,1,1,0,4,0,2,23,75
2018/12/31 11:00,1,1,0,4,0,2,24,27
2018/12/31 11:00,1,1,0,4,0,2,25,66
2018/12/31 11:00,1,1,0,4,0,2,26,111
2018/12/31 11:00,1,1,0,4,0,2,27,10
2018/12/31 11:00,1,1,0,4,0,2,28,82
2018/12/31 11:00,1,1,0,4,0,2,29,21
2018/12/31 11:00,1,1,0,4,0,2,30,5
2018/12/31 11:00,1,1,0,4,0,2,31,67
2018/12/31 11:00,1,1,0,4,0,2,32,17
2018/12/31 11:00,1,1,0,4,0,2,33,25
2018/12/31 11:00,1,1,0,4,0,2,34,123
2018/12/31 11:00,1,1,0,4,0,2,35,28
2018/12/31 11:00,1,1,0,4,0,2,36,22
2018/12/31 11:00,1,1,0,4,0,2,37,9
2018/12/31 11:00,1,1,0,4,0,2,38,33
2018/12/31 11:00,1,1,0,4,0,2,39,30
2018/12/31 11:00,1,1,0,4,0,2,40,3
2018/12/31 11:00,1,1,0,4,0,2,41,5
2018/12/31 11:00,1,1,0,4,0,2,42,13
2018/12/31 11:00,1,1,0,4,0,2,43,24
2018/12/31 11:00,1,1,0,4,0,2,44,16
2018/12/31 11:00,1,1,0,4,0,2,45,10
2018/12/31 11:00,1,1,0,4,0,2,46,7
2018/12/31 11:00,1,1,0,4,0,2,47,10
2018/12/31 11:00,1,1,0,4,0,2,48,0
2018/12/31 12:00,1,1,0,4,0,2,0,116
2018/12/31 12:00,1,1,0,4,0,2,1,38
2018/12/31 12:00,1,1,0,4,0,2,2,14
2018/12/31 12:00,1,1,0,4,0,2,3,63
2018/12/31 12:00,1,1,0,4,0,2,4,1008
2018/12/31 12:00,1,1,0,4,0,2,5,90
2018/12/31 12:00,1,1,0,4,0,2,6,622
2018/12/31 12:00,1,1,0,4,0,2,7,412
2018/12/31 12:00,1,1,0,4,0,2,8,1472
2018/12/31 12:00,1,1,0,4,0,2,9,385
2018/12/31 12:00,1,1,0,4,0,2,10,232
2018/12/31 12:00,1,1,0,4,0,2,11,41
2018/12/31 12:00,1,1,0,4,0,2,12,7
2018/12/31 12:00,1,1,0,4,0,2,13,20
2018/12/31 12:00,1,1,0,4,0,2,14,202
2018/12/31 12:00,1,1,0,4,0,2,15,27
2018/12/31 12:00,1,1,0,4,0,2,16,15
2018/12/31 12:00,1,1,0,4,0,2,17,186
2018/12/31 12:00,1,1,0,4,0,2,18,175
2018/12/31 12:00,1,1,0,4,0,2,19,29
2018/12/31 12:00,1,1,0,4,0,2,20,12
2018/12/31 12:00,1,1,0,4,0,2,21,19
2018/12/31 12:00,1,1,0,4,0,2,22,20
2018/12/31 12:00,1,1,0,4,0,2,23,107
2018/12/31 12:00,1,1,0,4,0,2,24,23
2018/12/31 12:00,1,1,0,4,0,2,25,102
2018/12/31 12:00,1,1,0,4,0,2,26,125
2018/12/31 12:00,1,1,0,4,0,2,27,11
2018/12/31 12:00,1,1,0,4,0,2,28,107
2018/12/31 12:00,1,1,0,4,0,2,29,37
2018/12/31 12:00,1,1,0,4,0,2,30,17
2018/12/31 12:00,1,1,0,4,0,2,31,72
2018/12/31 12:00,1,1,0,4,0,2,32,14
2018/12/31 12:00,1,1,0,4,0,2,33,32
2018/12/31 12:00,1,1,0,4,0,2,34,135
2018/12/31 12:00,1,1,0,4,0,2,35,18
2018/12/31 12:00,1,1,0,4,0,2,36,31
2018/12/31 12:00,1,1,0,4,0,2,37,5
2018/12/31 12:00,1,1,0,4,0,2,38,51
2018/12/31 12:00,1,1,0,4,0,2,39,44
2018/12/31 12:00,1,1,0,4,0,2,40,11
2018/12/31 12:00,1,1,0,4,0,2,41,7
2018/12/31 12:00,1,1,0,4,0,2,42,20
2018/12/31 12:00,1,1,0,4,0,2,43,23
2018/12/31 12:00,1,1,0,4,0,2,44,18
2018/12/31 12:00,1,1,0,4,0,2,45,20
2018/12/31 12:00,1,1,0,4,0,2,46,5
2018/12/31 12:00,1,1,0,4,0,2,47,15
2018/12/31 12:00,1,1,0,4,0,2,48,0
2018/12/31 13:00,1,1,0,4,0,2,0,120
2018/12/31 13:00,1,1,0,4,0,2,1,31
2018/12/31 13:00,1,1,0,4,0,2,2,25
2018/12/31 13:00,1,1,0,4,0,2,3,77
2018/12/31 13:00,1,1,0,4,0,2,4,1224
2018/12/31 13:00,1,1,0,4,0,2,5,91
2018/12/31 13:00,1,1,0,4,0,2,6,662
2018/12/31 13:00,1,1,0,4,0,2,7,370
2018/12/31 13:00,1,1,0,4,0,2,8,1552
2018/12/31 13:00,1,1,0,4,0,2,9,463
2018/12/31 13:00,1,1,0,4,0,2,10,245
2018/12/31 13:00,1,1,0,4,0,2,11,54
2018/12/31 13:00,1,1,0,4,0,2,12,8
2018/12/31 13:00,1,1,0,4,0,2,13,18
2018/12/31 13:00,1,1,0,4,0,2,14,213
2018/12/31 13:00,1,1,0,4,0,2,15,40
2018/12/31 13:00,1,1,0,4,0,2,16,19
2018/12/31 13:00,1,1,0,4,0,2,17,198
2018/12/31 13:00,1,1,0,4,0,2,18,117
2018/12/31 13:00,1,1,0,4,0,2,19,30
2018/12/31 13:00,1,1,0,4,0,2,20,11
2018/12/31 13:00,1,1,0,4,0,2,21,15
2018/12/31 13:00,1,1,0,4,0,2,22,19
2018/12/31 13:00,1,1,0,4,0,2,23,117
2018/12/31 13:00,1,1,0,4,0,2,24,34
2018/12/31 13:00,1,1,0,4,0,2,25,97
2018/12/31 13:00,1,1,0,4,0,2,26,136
2018/12/31 13:00,1,1,0,4,0,2,27,11
2018/12/31 13:00,1,1,0,4,0,2,28,92
2018/12/31 13:00,1,1,0,4,0,2,29,47
2018/12/31 13:00,1,1,0,4,0,2,30,17
2018/12/31 13:00,1,1,0,4,0,2,31,97
2018/12/31 13:00,1,1,0,4,0,2,32,12
2018/12/31 13:00,1,1,0,4,0,2,33,48
2018/12/31 13:00,1,1,0,4,0,2,34,137
2018/12/31 13:00,1,1,0,4,0,2,35,13
2018/12/31 13:00,1,1,0,4,0,2,36,26
2018/12/31 13:00,1,1,0,4,0,2,37,9
2018/12/31 13:00,1,1,0,4,0,2,38,47
2018/12/31 13:00,1,1,0,4,0,2,39,31
2018/12/31 13:00,1,1,0,4,0,2,40,9
2018/12/31 13:00,1,1,0,4,0,2,41,6
2018/12/31 13:00,1,1,0,4,0,2,42,20
2018/12/31 13:00,1,1,0,4,0,2,43,17
2018/12/31 13:00,1,1,0,4,0,2,44,18
2018/12/31 13:00,1,1,0,4,0,2,45,29
2018/12/31 13:00,1,1,0,4,0,2,46,10
2018/12/31 13:00,1,1,0,4,0,2,47,16
2018/12/31 13:00,1,1,0,4,0,2,48,0
2018/12/31 14:00,1,1,0,4,0,2,0,112
2018/12/31 14:00,1,1,0,4,0,2,1,36
2018/12/31 14:00,1,1,0,4,0,2,2,32
2018/12/31 14:00,1,1,0,4,0,2,3,96
2018/12/31 14:00,1,1,0,4,0,2,4,1249
2018/12/31 14:00,1,1,0,4,0,2,5,107
2018/12/31 14:00,1,1,0,4,0,2,6,746
2018/12/31 14:00,1,1,0,4,0,2,7,342
2018/12/31 14:00,1,1,0,4,0,2,8,1242
2018/12/31 14:00,1,1,0,4,0,2,9,492
2018/12/31 14:00,1,1,0,4,0,2,10,244
2018/12/31 14:00,1,1,0,4,0,2,11,50
2018/12/31 14:00,1,1,0,4,0,2,12,10
2018/12/31 14:00,1,1,0,4,0,2,13,15
2018/12/31 14:00,1,1,0,4,0,2,14,223
2018/12/31 14:00,1,1,0,4,0,2,15,37
2018/12/31 14:00,1,1,0,4,0,2,16,24
2018/12/31 14:00,1,1,0,4,0,2,17,170
2018/12/31 14:00,1,1,0,4,0,2,18,166
2018/12/31 14:00,1,1,0,4,0,2,19,36
2018/12/31 14:00,1,1,0,4,0,2,20,10
2018/12/31 14:00,1,1,0,4,0,2,21,20
2018/12/31 14:00,1,1,0,4,0,2,22,23
2018/12/31 14:00,1,1,0,4,0,2,23,93
2018/12/31 14:00,1,1,0,4,0,2,24,29
2018/12/31 14:00,1,1,0,4,0,2,25,102
2018/12/31 14:00,1,1,0,4,0,2,26,159
2018/12/31 14:00,1,1,0,4,0,2,27,20
2018/12/31 14:00,1,1,0,4,0,2,28,77
2018/12/31 14:00,1,1,0,4,0,2,29,46
2018/12/31 14:00,1,1,0,4,0,2,30,14
2018/12/31 14:00,1,1,0,4,0,2,31,83
2018/12/31 14:00,1,1,0,4,0,2,32,17
2018/12/31 14:00,1,1,0,4,0,2,33,45
2018/12/31 14:00,1,1,0,4,0,2,34,144
2018/12/31 14:00,1,1,0,4,0,2,35,11
2018/12/31 14:00,1,1,0,4,0,2,36,30
2018/12/31 14:00,1,1,0,4,0,2,37,14
2018/12/31 14:00,1,1,0,4,0,2,38,38
2018/12/31 14:00,1,1,0,4,0,2,39,39
2018/12/31 14:00,1,1,0,4,0,2,40,13
2018/12/31 14:00,1,1,0,4,0,2,41,5
2018/12/31 14:00,1,1,0,4,0,2,42,17
2018/12/31 14:00,1,1,0,4,0,2,43,18
2018/12/31 14:00,1,1,0,4,0,2,44,11
2018/12/31 14:00,1,1,0,4,0,2,45,26
2018/12/31 14:00,1,1,0,4,0,2,46,7
2018/12/31 14:00,1,1,0,4,0,2,47,13
2018/12/31 14:00,1,1,0,4,0,2,48,0
2018/12/31 15:00,1,1,0,4,0,2,0,115
2018/12/31 15:00,1,1,0,4,0,2,1,46
2018/12/31 15:00,1,1,0,4,0,2,2,43
2018/12/31 15:00,1,1,0,4,0,2,3,87
2018/12/31 15:00,1,1,0,4,0,2,4,1273
2018/12/31 15:00,1,1,0,4,0,2,5,140
2018/12/31 15:00,1,1,0,4,0,2,6,765
2018/12/31 15:00,1,1,0,4,0,2,7,358
2018/12/31 15:00,1,1,0,4,0,2,8,1068
2018/12/31 15:00,1,1,0,4,0,2,9,510
2018/12/31 15:00,1,1,0,4,0,2,10,210
2018/12/31 15:00,1,1,0,4,0,2,11,62
2018/12/31 15:00,1,1,0,4,0,2,12,21
2018/12/31 15:00,1,1,0,4,0,2,13,22
2018/12/31 15:00,1,1,0,4,0,2,14,223
2018/12/31 15:00,1,1,0,4,0,2,15,36
2018/12/31 15:00,1,1,0,4,0,2,16,26
2018/12/31 15:00,1,1,0,4,0,2,17,113
2018/12/31 15:00,1,1,0,4,0,2,18,187
2018/12/31 15:00,1,1,0,4,0,2,19,48
2018/12/31 15:00,1,1,0,4,0,2,20,13
2018/12/31 15:00,1,1,0,4,0,2,21,18
2018/12/31 15:00,1,1,0,4,0,2,22,32
2018/12/31 15:00,1,1,0,4,0,2,23,114
2018/12/31 15:00,1,1,0,4,0,2,24,28
2018/12/31 15:00,1,1,0,4,0,2,25,133
2018/12/31 15:00,1,1,0,4,0,2,26,174
2018/12/31 15:00,1,1,0,4,0,2,27,19
2018/12/31 15:00,1,1,0,4,0,2,28,98
2018/12/31 15:00,1,1,0,4,0,2,29,57
2018/12/31 15:00,1,1,0,4,0,2,30,9
2018/12/31 15:00,1,1,0,4,0,2,31,98
2018/12/31 15:00,1,1,0,4,0,2,32,14
2018/12/31 15:00,1,1,0,4,0,2,33,49
2018/12/31 15:00,1,1,0,4,0,2,34,134
2018/12/31 15:00,1,1,0,4,0,2,35,19
2018/12/31 15:00,1,1,0,4,0,2,36,22
2018/12/31 15:00,1,1,0,4,0,2,37,5
2018/12/31 15:00,1,1,0,4,0,2,38,47
2018/12/31 15:00,1,1,0,4,0,2,39,35
2018/12/31 15:00,1,1,0,4,0,2,40,12
2018/12/31 15:00,1,1,0,4,0,2,41,6
2018/12/31 15:00,1,1,0,4,0,2,42,24
2018/12/31 15:00,1,1,0,4,0,2,43,21
2018/12/31 15:00,1,1,0,4,0,2,44,14
2018/12/31 15:00,1,1,0,4,0,2,45,35
2018/12/31 15:00,1,1,0,4,0,2,46,7
2018/12/31 15:00,1,1,0,4,0,2,47,12
2018/12/31 15:00,1,1,0,4,0,2,48,0
2018/12/31 16:00,1,1,0,4,0,2,0,124
2018/12/31 16:00,1,1,0,4,0,2,1,48
2018/12/31 16:00,1,1,0,4,0,2,2,42
2018/12/31 16:00,1,1,0,4,0,2,3,105
2018/12/31 16:00,1,1,0,4,0,2,4,1625
2018/12/31 16:00,1,1,0,4,0,2,5,127
2018/12/31 16:00,1,1,0,4,0,2,6,877
2018/12/31 16:00,1,1,0,4,0,2,7,288
2018/12/31 16:00,1,1,0,4,0,2,8,987
2018/12/31 16:00,1,1,0,4,0,2,9,508
2018/12/31 16:00,1,1,0,4,0,2,10,259
2018/12/31 16:00,1,1,0,4,0,2,11,67
2018/12/31 16:00,1,1,0,4,0,2,12,18
2018/12/31 16:00,1,1,0,4,0,2,13,23
2018/12/31 16:00,1,1,0,4,0,2,14,230
2018/12/31 16:00,1,1,0,4,0,2,15,45
2018/12/31 16:00,1,1,0,4,0,2,16,41
2018/12/31 16:00,1,1,0,4,0,2,17,67
2018/12/31 16:00,1,1,0,4,0,2,18,165
2018/12/31 16:00,1,1,0,4,0,2,19,68
2018/12/31 16:00,1,1,0,4,0,2,20,12
2018/12/31 16:00,1,1,0,4,0,2,21,35
2018/12/31 16:00,1,1,0,4,0,2,22,31
2018/12/31 16:00,1,1,0,4,0,2,23,108
2018/12/31 16:00,1,1,0,4,0,2,24,41
2018/12/31 16:00,1,1,0,4,0,2,25,127
2018/12/31 16:00,1,1,0,4,0,2,26,166
2018/12/31 16:00,1,1,0,4,0,2,27,24
2018/12/31 16:00,1,1,0,4,0,2,28,102
2018/12/31 16:00,1,1,0,4,0,2,29,74
2018/12/31 16:00,1,1,0,4,0,2,30,16
2018/12/31 16:00,1,1,0,4,0,2,31,112
2018/12/31 16:00,1,1,0,4,0,2,32,27
2018/12/31 16:00,1,1,0,4,0,2,33,47
2018/12/31 16:00,1,1,0,4,0,2,34,105
2018/12/31 16:00,1,1,0,4,0,2,35,32
2018/12/31 16:00,1,1,0,4,0,2,36,43
2018/12/31 16:00,1,1,0,4,0,2,37,7
2018/12/31 16:00,1,1,0,4,0,2,38,65
2018/12/31 16:00,1,1,0,4,0,2,39,43
2018/12/31 16:00,1,1,0,4,0,2,40,11
2018/12/31 16:00,1,1,0,4,0,2,41,7
2018/12/31 16:00,1,1,0,4,0,2,42,33
2018/12/31 16:00,1,1,0,4,0,2,43,27
2018/12/31 16:00,1,1,0,4,0,2,44,13
2018/12/31 16:00,1,1,0,4,0,2,45,33
2018/12/31 16:00,1,1,0,4,0,2,46,10
2018/12/31 16:00,1,1,0,4,0,2,47,21
2018/12/31 16:00,1,1,0,4,0,2,48,0
2018/12/31 17:00,1,1,0,4,0,2,0,155
2018/12/31 17:00,1,1,0,4,0,2,1,54
2018/12/31 17:00,1,1,0,4,0,2,2,42
2018/12/31 17:00,1,1,0,4,0,2,3,97
2018/12/31 17:00,1,1,0,4,0,2,4,1950
2018/12/31 17:00,1,1,0,4,0,2,5,139
2018/12/31 17:00,1,1,0,4,0,2,6,1092
2018/12/31 17:00,1,1,0,4,0,2,7,198
2018/12/31 17:00,1,1,0,4,0,2,8,932
2018/12/31 17:00,1,1,0,4,0,2,9,510
2018/12/31 17:00,1,1,0,4,0,2,10,235
2018/12/31 17:00,1,1,0,4,0,2,11,61
2018/12/31 17:00,1,1,0,4,0,2,12,22
2018/12/31 17:00,1,1,0,4,0,2,13,24
2018/12/31 17:00,1,1,0,4,0,2,14,268
2018/12/31 17:00,1,1,0,4,0,2,15,43
2018/12/31 17:00,1,1,0,4,0,2,16,40
2018/12/31 17:00,1,1,0,4,0,2,17,44
2018/12/31 17:00,1,1,0,4,0,2,18,199
2018/12/31 17:00,1,1,0,4,0,2,19,78
2018/12/31 17:00,1,1,0,4,0,2,20,31
2018/12/31 17:00,1,1,0,4,0,2,21,37
2018/12/31 17:00,1,1,0,4,0,2,22,37
2018/12/31 17:00,1,1,0,4,0,2,23,117
2018/12/31 17:00,1,1,0,4,0,2,24,33
2018/12/31 17:00,1,1,0,4,0,2,25,159
2018/12/31 17:00,1,1,0,4,0,2,26,239
2018/12/31 17:00,1,1,0,4,0,2,27,28
2018/12/31 17:00,1,1,0,4,0,2,28,122
2018/12/31 17:00,1,1,0,4,0,2,29,88
2018/12/31 17:00,1,1,0,4,0,2,30,11
2018/12/31 17:00,1,1,0,4,0,2,31,114
2018/12/31 17:00,1,1,0,4,0,2,32,23
2018/12/31 17:00,1,1,0,4,0,2,33,48
2018/12/31 17:00,1,1,0,4,0,2,34,108
2018/12/31 17:00,1,1,0,4,0,2,35,32
2018/12/31 17:00,1,1,0,4,0,2,36,46
2018/12/31 17:00,1,1,0,4,0,2,37,14
2018/12/31 17:00,1,1,0,4,0,2,38,64
2018/12/31 17:00,1,1,0,4,0,2,39,77
2018/12/31 17:00,1,1,0,4,0,2,40,12
2018/12/31 17:00,1,1,0,4,0,2,41,9
2018/12/31 17:00,1,1,0,4,0,2,42,18
2018/12/31 17:00,1,1,0,4,0,2,43,28
2018/12/31 17:00,1,1,0,4,0,2,44,23
2018/12/31 17:00,1,1,0,4,0,2,45,41
2018/12/31 17:00,1,1,0,4,0,2,46,20
2018/12/31 17:00,1,1,0,4,0,2,47,13
2018/12/31 17:00,1,1,0,4,0,2,48,0
2018/12/31 18:00,1,1,0,4,0,2,0,196
2018/12/31 18:00,1,1,0,4,0,2,1,75
2018/12/31 18:00,1,1,0,4,0,2,2,38
2018/12/31 18:00,1,1,0,4,0,2,3,138
2018/12/31 18:00,1,1,0,4,0,2,4,2064
2018/12/31 18:00,1,1,0,4,0,2,5,185
2018/12/31 18:00,1,1,0,4,0,2,6,1081
2018/12/31 18:00,1,1,0,4,0,2,7,182
2018/12/31 18:00,1,1,0,4,0,2,8,1040
2018/12/31 18:00,1,1,0,4,0,2,9,470
2018/12/31 18:00,1,1,0,4,0,2,10,315
2018/12/31 18:00,1,1,0,4,0,2,11,71
2018/12/31 18:00,1,1,0,4,0,2,12,19
2018/12/31 18:00,1,1,0,4,0,2,13,27
2018/12/31 18:00,1,1,0,4,0,2,14,248
2018/12/31 18:00,1,1,0,4,0,2,15,38
2018/12/31 18:00,1,1,0,4,0,2,16,43
2018/12/31 18:00,1,1,0,4,0,2,17,41
2018/12/31 18:00,1,1,0,4,0,2,18,200
2018/12/31 18:00,1,1,0,4,0,2,19,68
2018/12/31 18:00,1,1,0,4,0,2,20,23
2018/12/31 18:00,1,1,0,4,0,2,21,36
2018/12/31 18:00,1,1,0,4,0,2,22,33
2018/12/31 18:00,1,1,0,4,0,2,23,119
2018/12/31 18:00,1,1,0,4,0,2,24,27
2018/12/31 18:00,1,1,0,4,0,2,25,183
2018/12/31 18:00,1,1,0,4,0,2,26,249
2018/12/31 18:00,1,1,0,4,0,2,27,27
2018/12/31 18:00,1,1,0,4,0,2,28,127
2018/12/31 18:00,1,1,0,4,0,2,29,80
2018/12/31 18:00,1,1,0,4,0,2,30,18
2018/12/31 18:00,1,1,0,4,0,2,31,116
2018/12/31 18:00,1,1,0,4,0,2,32,30
2018/12/31 18:00,1,1,0,4,0,2,33,53
2018/12/31 18:00,1,1,0,4,0,2,34,81
2018/12/31 18:00,1,1,0,4,0,2,35,30
2018/12/31 18:00,1,1,0,4,0,2,36,28
2018/12/31 18:00,1,1,0,4,0,2,37,11
2018/12/31 18:00,1,1,0,4,0,2,38,50
2018/12/31 18:00,1,1,0,4,0,2,39,76
2018/12/31 18:00,1,1,0,4,0,2,40,28
2018/12/31 18:00,1,1,0,4,0,2,41,4
2018/12/31 18:00,1,1,0,4,0,2,42,7
2018/12/31 18:00,1,1,0,4,0,2,43,39
2018/12/31 18:00,1,1,0,4,0,2,44,12
2018/12/31 18:00,1,1,0,4,0,2,45,51
2018/12/31 18:00,1,1,0,4,0,2,46,23
2018/12/31 18:00,1,1,0,4,0,2,47,16
2018/12/31 18:00,1,1,0,4,0,2,48,0
2018/12/31 19:00,1,1,0,4,0,2,0,136
2018/12/31 19:00,1,1,0,4,0,2,1,53
2018/12/31 19:00,1,1,0,4,0,2,2,31
2018/12/31 19:00,1,1,0,4,0,2,3,115
2018/12/31 19:00,1,1,0,4,0,2,4,1442
2018/12/31 19:00,1,1,0,4,0,2,5,125
2018/12/31 19:00,1,1,0,4,0,2,6,698
2018/12/31 19:00,1,1,0,4,0,2,7,157
2018/12/31 19:00,1,1,0,4,0,2,8,1143
2018/12/31 19:00,1,1,0,4,0,2,9,307
2018/12/31 19:00,1,1,0,4,0,2,10,525
2018/12/31 19:00,1,1,0,4,0,2,11,63
2018/12/31 19:00,1,1,0,4,0,2,12,12
2018/12/31 19:00,1,1,0,4,0,2,13,17
2018/12/31 19:00,1,1,0,4,0,2,14,163
2018/12/31 19:00,1,1,0,4,0,2,15,40
2018/12/31 19:00,1,1,0,4,0,2,16,37
2018/12/31 19:00,1,1,0,4,0,2,17,31
2018/12/31 19:00,1,1,0,4,0,2,18,167
2018/12/31 19:00,1,1,0,4,0,2,19,70
2018/12/31 19:00,1,1,0,4,0,2,20,20
2018/12/31 19:00,1,1,0,4,0,2,21,33
2018/12/31 19:00,1,1,0,4,0,2,22,29
2018/12/31 19:00,1,1,0,4,0,2,23,116
2018/12/31 19:00,1,1,0,4,0,2,24,22
2018/12/31 19:00,1,1,0,4,0,2,25,145
2018/12/31 19:00,1,1,0,4,0,2,26,161
2018/12/31 19:00,1,1,0,4,0,2,27,22
2018/12/31 19:00,1,1,0,4,0,2,28,76
2018/12/31 19:00,1,1,0,4,0,2,29,69
2018/12/31 19:00,1,1,0,4,0,2,30,11
2018/12/31 19:00,1,1,0,4,0,2,31,91
2018/12/31 19:00,1,1,0,4,0,2,32,25
2018/12/31 19:00,1,1,0,4,0,2,33,44
2018/12/31 19:00,1,1,0,4,0,2,34,70
2018/12/31 19:00,1,1,0,4,0,2,35,22
2018/12/31 19:00,1,1,0,4,0,2,36,41
2018/12/31 19:00,1,1,0,4,0,2,37,9
2018/12/31 19:00,1,1,0,4,0,2,38,57
2018/12/31 19:00,1,1,0,4,0,2,39,68
2018/12/31 19:00,1,1,0,4,0,2,40,25
2018/12/31 19:00,1,1,0,4,0,2,41,1
2018/12/31 19:00,1,1,0,4,0,2,42,5
2018/12/31 19:00,1,1,0,4,0,2,43,32
2018/12/31 19:00,1,1,0,4,0,2,44,9
2018/12/31 19:00,1,1,0,4,0,2,45,49
2018/12/31 19:00,1,1,0,4,0,2,46,15
2018/12/31 19:00,1,1,0,4,0,2,47,11
2018/12/31 19:00,1,1,0,4,0,2,48,0
2018/12/31 20:00,1,1,0,4,0,2,0,155
2018/12/31 20:00,1,1,0,4,0,2,1,52
2018/12/31 20:00,1,1,0,4,0,2,2,49
2018/12/31 20:00,1,1,0,4,0,2,3,135
2018/12/31 20:00,1,1,0,4,0,2,4,1911
2018/12/31 20:00,1,1,0,4,0,2,5,234
2018/12/31 20:00,1,1,0,4,0,2,6,767
2018/12/31 20:00,1,1,0,4,0,2,7,132
2018/12/31 20:00,1,1,0,4,0,2,8,1114
2018/12/31 20:00,1,1,0,4,0,2,9,401
2018/12/31 20:00,1,1,0,4,0,2,10,508
2018/12/31 20:00,1,1,0,4,0,2,11,87
2018/12/31 20:00,1,1,0,4,0,2,12,27
2018/12/31 20:00,1,1,0,4,0,2,13,25
2018/12/31 20:00,1,1,0,4,0,2,14,258
2018/12/31 20:00,1,1,0,4,0,2,15,53
2018/12/31 20:00,1,1,0,4,0,2,16,52
2018/12/31 20:00,1,1,0,4,0,2,17,42
2018/12/31 20:00,1,1,0,4,0,2,18,210
2018/12/31 20:00,1,1,0,4,0,2,19,73
2018/12/31 20:00,1,1,0,4,0,2,20,27
2018/12/31 20:00,1,1,0,4,0,2,21,38
2018/12/31 20:00,1,1,0,4,0,2,22,36
2018/12/31 20:00,1,1,0,4,0,2,23,121
2018/12/31 20:00,1,1,0,4,0,2,24,30
2018/12/31 20:00,1,1,0,4,0,2,25,186
2018/12/31 20:00,1,1,0,4,0,2,26,179
2018/12/31 20:00,1,1,0,4,0,2,27,37
2018/12/31 20:00,1,1,0,4,0,2,28,67
2018/12/31 20:00,1,1,0,4,0,2,29,77
2018/12/31 20:00,1,1,0,4,0,2,30,10
2018/12/31 20:00,1,1,0,4,0,2,31,82
2018/12/31 20:00,1,1,0,4,0,2,32,43
2018/12/31 20:00,1,1,0,4,0,2,33,58
2018/12/31 20:00,1,1,0,4,0,2,34,53
2018/12/31 20:00,1,1,0,4,0,2,35,22
2018/12/31 20:00,1,1,0,4,0,2,36,35
2018/12/31 20:00,1,1,0,4,0,2,37,20
2018/12/31 20:00,1,1,0,4,0,2,38,57
2018/12/31 20:00,1,1,0,4,0,2,39,92
2018/12/31 20:00,1,1,0,4,0,2,40,31
2018/12/31 20:00,1,1,0,4,0,2,41,3
2018/12/31 20:00,1,1,0,4,0,2,42,4
2018/12/31 20:00,1,1,0,4,0,2,43,41
2018/12/31 20:00,1,1,0,4,0,2,44,9
2018/12/31 20:00,1,1,0,4,0,2,45,66
2018/12/31 20:00,1,1,0,4,0,2,46,21
2018/12/31 20:00,1,1,0,4,0,2,47,19
2018/12/31 20:00,1,1,0,4,0,2,48,0
2018/12/31 21:00,1,1,0,4,0,2,0,116
2018/12/31 21:00,1,1,0,4,0,2,1,42
2018/12/31 21:00,1,1,0,4,0,2,2,61
2018/12/31 21:00,1,1,0,4,0,2,3,149
2018/12/31 21:00,1,1,0,4,0,2,4,1893
2018/12/31 21:00,1,1,0,4,0,2,5,284
2018/12/31 21:00,1,1,0,4,0,2,6,764
2018/12/31 21:00,1,1,0,4,0,2,7,97
2018/12/31 21:00,1,1,0,4,0,2,8,1123
2018/12/31 21:00,1,1,0,4,0,2,9,472
2018/12/31 21:00,1,1,0,4,0,2,10,441
2018/12/31 21:00,1,1,0,4,0,2,11,90
2018/12/31 21:00,1,1,0,4,0,2,12,25
2018/12/31 21:00,1,1,0,4,0,2,13,19
2018/12/31 21:00,1,1,0,4,0,2,14,293
2018/12/31 21:00,1,1,0,4,0,2,15,54
2018/12/31 21:00,1,1,0,4,0,2,16,42
2018/12/31 21:00,1,1,0,4,0,2,17,61
2018/12/31 21:00,1,1,0,4,0,2,18,266
2018/12/31 21:00,1,1,0,4,0,2,19,85
2018/12/31 21:00,1,1,0,4,0,2,20,29
2018/12/31 21:00,1,1,0,4,0,2,21,44
2018/12/31 21:00,1,1,0,4,0,2,22,34
2018/12/31 21:00,1,1,0,4,0,2,23,94
2018/12/31 21:00,1,1,0,4,0,2,24,29
2018/12/31 21:00,1,1,0,4,0,2,25,209
2018/12/31 21:00,1,1,0,4,0,2,26,159
2018/12/31 21:00,1,1,0,4,0,2,27,38
2018/12/31 21:00,1,1,0,4,0,2,28,51
2018/12/31 21:00,1,1,0,4,0,2,29,102
2018/12/31 21:00,1,1,0,4,0,2,30,11
2018/12/31 21:00,1,1,0,4,0,2,31,81
2018/12/31 21:00,1,1,0,4,0,2,32,71
2018/12/31 21:00,1,1,0,4,0,2,33,50
2018/12/31 21:00,1,1,0,4,0,2,34,22
2018/12/31 21:00,1,1,0,4,0,2,35,14
2018/12/31 21:00,1,1,0,4,0,2,36,33
2018/12/31 21:00,1,1,0,4,0,2,37,30
2018/12/31 21:00,1,1,0,4,0,2,38,29
2018/12/31 21:00,1,1,0,4,0,2,39,120
2018/12/31 21:00,1,1,0,4,0,2,40,43
2018/12/31 21:00,1,1,0,4,0,2,41,0
2018/12/31 21:00,1,1,0,4,0,2,42,3
2018/12/31 21:00,1,1,0,4,0,2,43,34
2018/12/31 21:00,1,1,0,4,0,2,44,9
2018/12/31 21:00,1,1,0,4,0,2,45,83
2018/12/31 21:00,1,1,0,4,0,2,46,22
2018/12/31 21:00,1,1,0,4,0,2,47,14
2018/12/31 21:00,1,1,0,4,0,2,48,0
2018/12/31 22:00,1,1,0,4,0,2,0,105
2018/12/31 22:00,1,1,0,4,0,2,1,30
2018/12/31 22:00,1,1,0,4,0,2,2,54
2018/12/31 22:00,1,1,0,4,0,2,3,101
2018/12/31 22:00,1,1,0,4,0,2,4,1560
2018/12/31 22:00,1,1,0,4,0,2,5,232
2018/12/31 22:00,1,1,0,4,0,2,6,696
2018/12/31 22:00,1,1,0,4,0,2,7,80
2018/12/31 22:00,1,1,0,4,0,2,8,1000
2018/12/31 22:00,1,1,0,4,0,2,9,283
2018/12/31 22:00,1,1,0,4,0,2,10,326
2018/12/31 22:00,1,1,0,4,0,2,11,66
2018/12/31 22:00,1,1,0,4,0,2,12,35
2018/12/31 22:00,1,1,0,4,0,2,13,36
2018/12/31 22:00,1,1,0,4,0,2,14,251
2018/12/31 22:00,1,1,0,4,0,2,15,35
2018/12/31 22:00,1,1,0,4,0,2,16,48
2018/12/31 22:00,1,1,0,4,0,2,17,43
2018/12/31 22:00,1,1,0,4,0,2,18,247
2018/12/31 22:00,1,1,0,4,0,2,19,87
2018/12/31 22:00,1,1,0,4,0,2,20,44
2018/12/31 22:00,1,1,0,4,0,2,21,37
2018/12/31 22:00,1,1,0,4,0,2,22,48
2018/12/31 22:00,1,1,0,4,0,2,23,79
2018/12/31 22:00,1,1,0,4,0,2,24,37
2018/12/31 22:00,1,1,0,4,0,2,25,199
2018/12/31 22:00,1,1,0,4,0,2,26,152
2018/12/31 22:00,1,1,0,4,0,2,27,42
2018/12/31 22:00,1,1,0,4,0,2,28,36
2018/12/31 22:00,1,1,0,4,0,2,29,93
2018/12/31 22:00,1,1,0,4,0,2,30,14
2018/12/31 22:00,1,1,0,4,0,2,31,55
2018/12/31 22:00,1,1,0,4,0,2,32,48
2018/12/31 22:00,1,1,0,4,0,2,33,40
2018/12/31 22:00,1,1,0,4,0,2,34,13
2018/12/31 22:00,1,1,0,4,0,2,35,20
2018/12/31 22:00,1,1,0,4,0,2,36,22
2018/12/31 22:00,1,1,0,4,0,2,37,23
2018/12/31 22:00,1,1,0,4,0,2,38,30
2018/12/31 22:00,1,1,0,4,0,2,39,80
2018/12/31 22:00,1,1,0,4,0,2,40,45
2018/12/31 22:00,1,1,0,4,0,2,41,0
2018/12/31 22:00,1,1,0,4,0,2,42,5
2018/12/31 22:00,1,1,0,4,0,2,43,32
2018/12/31 22:00,1,1,0,4,0,2,44,1
2018/12/31 22:00,1,1,0,4,0,2,45,73
2018/12/31 22:00,1,1,0,4,0,2,46,19
2018/12/31 22:00,1,1,0,4,0,2,47,11
2018/12/31 22:00,1,1,0,4,0,2,48,0
2018/12/31 23:00,1,1,0,4,0,2,0,40
2018/12/31 23:00,1,1,0,4,0,2,1,9
2018/12/31 23:00,1,1,0,4,0,2,2,14
2018/12/31 23:00,1,1,0,4,0,2,3,39
2018/12/31 23:00,1,1,0,4,0,2,4,405
2018/12/31 23:00,1,1,0,4,0,2,5,28
2018/12/31 23:00,1,1,0,4,0,2,6,202
2018/12/31 23:00,1,1,0,4,0,2,7,19
2018/12/31 23:00,1,1,0,4,0,2,8,411
2018/12/31 23:00,1,1,0,4,0,2,9,64
2018/12/31 23:00,1,1,0,4,0,2,10,123
2018/12/31 23:00,1,1,0,4,0,2,11,23
2018/12/31 23:00,1,1,0,4,0,2,12,8
2018/12/31 23:00,1,1,0,4,0,2,13,25
2018/12/31 23:00,1,1,0,4,0,2,14,45
2018/12/31 23:00,1,1,0,4,0,2,15,9
2018/12/31 23:00,1,1,0,4,0,2,16,12
2018/12/31 23:00,1,1,0,4,0,2,17,9
2018/12/31 23:00,1,1,0,4,0,2,18,71
2018/12/31 23:00,1,1,0,4,0,2,19,28
2018/12/31 23:00,1,1,0,4,0,2,20,10
2018/12/31 23:00,1,1,0,4,0,2,21,20
2018/12/31 23:00,1,1,0,4,0,2,22,16
2018/12/31 23:00,1,1,0,4,0,2,23,23
2018/12/31 23:00,1,1,0,4,0,2,24,19
2018/12/31 23:00,1,1,0,4,0,2,25,64
2018/12/31 23:00,1,1,0,4,0,2,26,43
2018/12/31 23:00,1,1,0,4,0,2,27,12
2018/12/31 23:00,1,1,0,4,0,2,28,10
2018/12/31 23:00,1,1,0,4,0,2,29,24
2018/12/31 23:00,1,1,0,4,0,2,30,5
2018/12/31 23:00,1,1,0,4,0,2,31,26
2018/12/31 23:00,1,1,0,4,0,2,32,17
2018/12/31 23:00,1,1,0,4,0,2,33,16
2018/12/31 23:00,1,1,0,4,0,2,34,3
2018/12/31 23:00,1,1,0,4,0,2,35,7
2018/12/31 23:00,1,1,0,4,0,2,36,4
2018/12/31 23:00,1,1,0,4,0,2,37,10
2018/12/31 23:00,1,1,0,4,0,2,38,8
2018/12/31 23:00,1,1,0,4,0,2,39,16
2018/12/31 23:00,1,1,0,4,0,2,40,12
2018/12/31 23:00,1,1,0,4,0,2,41,0
2018/12/31 23:00,1,1,0,4,0,2,42,1
2018/12/31 23:00,1,1,0,4,0,2,43,10
2018/12/31 23:00,1,1,0,4,0,2,44,1
2018/12/31 23:00,1,1,0,4,0,2,45,17
2018/12/31 23:00,1,1,0,4,0,2,46,6
2018/12/31 23:00,1,1,0,4,0,2,47,2
2018/12/31 23:00,1,1,0,4,0,2,48,0
