DepTime,DayOfWeek,Holiday,Weekend,HighTemperature,Weather,WindStrength,Origin,Trips
2018/12/31 0:00,1,1,0,4,0,2,0,29
2018/12/31 0:00,1,1,0,4,0,2,1,177
2018/12/31 0:00,1,1,0,4,0,2,2,120
2018/12/31 0:00,1,1,0,4,0,2,3,7
2018/12/31 0:00,1,1,0,4,0,2,4,28
2018/12/31 0:00,1,1,0,4,0,2,5,12
2018/12/31 0:00,1,1,0,4,0,2,6,11
2018/12/31 0:00,1,1,0,4,0,2,7,10
2018/12/31 0:00,1,1,0,4,0,2,8,92
2018/12/31 0:00,1,1,0,4,0,2,9,10
2018/12/31 0:00,1,1,0,4,0,2,10,4
2018/12/31 0:00,1,1,0,4,0,2,11,23
2018/12/31 0:00,1,1,0,4,0,2,12,24
2018/12/31 0:00,1,1,0,4,0,2,13,59
2018/12/31 0:00,1,1,0,4,0,2,14,4
2018/12/31 0:00,1,1,0,4,0,2,15,20
2018/12/31 0:00,1,1,0,4,0,2,16,18
2018/12/31 0:00,1,1,0,4,0,2,17,3
2018/12/31 0:00,1,1,0,4,0,2,18,21
2018/12/31 0:00,1,1,0,4,0,2,19,7
2018/12/31 0:00,1,1,0,4,0,2,20,4
2018/12/31 0:00,1,1,0,4,0,2,21,9
2018/12/31 0:00,1,1,0,4,0,2,22,3
2018/12/31 0:00,1,1,0,4,0,2,23,24
2018/12/31 0:00,1,1,0,4,0,2,24,2
2018/12/31 0:00,1,1,0,4,0,2,25,1
2018/12/31 0:00,1,1,0,4,0,2,26,7
2018/12/31 0:00,1,1,0,4,0,2,27,2
2018/12/31 0:00,1,1,0,4,0,2,28,13
2018/12/31 0:00,1,1,0,4,0,2,29,39
2018/12/31 0:00,1,1,0,4,0,2,30,5
2018/12/31 0:00,1,1,0,4,0,2,31,5
2018/12/31 0:00,1,1,0,4,0,2,32,7
2018/12/31 0:00,1,1,0,4,0,2,33,13
2018/12/31 0:00,1,1,0,4,0,2,34,6
2018/12/31 0:00,1,1,0,4,0,2,35,6
2018/12/31 0:00,1,1,0,4,0,2,36,6
2018/12/31 0:00,1,1,0,4,0,2,37,4
2018/12/31 0:00,1,1,0,4,0,2,38,5
2018/12/31 0:00,1,1,0,4,0,2,39,6
2018/12/31 0:00,1,1,0,4,0,2,40,4
2018/12/31 0:00,1,1,0,4,0,2,41,4
2018/12/31 0:00,1,1,0,4,0,2,42,2
2018/12/31 0:00,1,1,0,4,0,2,43,2
2018/12/31 0:00,1,1,0,4,0,2,44,1
2018/12/31 0:00,1,1,0,4,0,2,45,1
2018/12/31 0:00,1,1,0,4,0,2,46,6
2018/12/31 0:00,1,1,0,4,0,2,47,4
2018/12/31 0:00,1,1,0,4,0,2,48,2
2018/12/31 0:00,1,1,0,4,0,2,49,4
2018/12/31 0:00,1,1,0,4,0,2,50,6
2018/12/31 0:00,1,1,0,4,0,2,51,1
2018/12/31 0:00,1,1,0,4,0,2,52,0
2018/12/31 0:00,1,1,0,4,0,2,53,0
2018/12/31 1:00,1,1,0,4,0,2,0,11
2018/12/31 1:00,1,1,0,4,0,2,1,139
2018/12/31 1:00,1,1,0,4,0,2,2,105
2018/12/31 1:00,1,1,0,4,0,2,3,3
2018/12/31 1:00,1,1,0,4,0,2,4,6
2018/12/31 1:00,1,1,0,4,0,2,5,6
2018/12/31 1:00,1,1,0,4,0,2,6,15
2018/12/31 1:00,1,1,0,4,0,2,7,9
2018/12/31 1:00,1,1,0,4,0,2,8,80
2018/12/31 1:00,1,1,0,4,0,2,9,13
2018/12/31 1:00,1,1,0,4,0,2,10,2
2018/12/31 1:00,1,1,0,4,0,2,11,13
2018/12/31 1:00,1,1,0,4,0,2,12,18
2018/12/31 1:00,1,1,0,4,0,2,13,48
2018/12/31 1:00,1,1,0,4,0,2,14,4
2018/12/31 1:00,1,1,0,4,0,2,15,20
2018/12/31 1:00,1,1,0,4,0,2,16,2
2018/12/31 1:00,1,1,0,4,0,2,17,4
2018/12/31 1:00,1,1,0,4,0,2,18,13
2018/12/31 1:00,1,1,0,4,0,2,19,4
2018/12/31 1:00,1,1,0,4,0,2,20,4
2018/12/31 1:00,1,1,0,4,0,2,21,3
2018/12/31 1:00,1,1,0,4,0,2,22,0
2018/12/31 1:00,1,1,0,4,0,2,23,14
2018/12/31 1:00,1,1,0,4,0,2,24,0
2018/12/31 1:00,1,1,0,4,0,2,25,2
2018/12/31 1:00,1,1,0,4,0,2,26,6
2018/12/31 1:00,1,1,0,4,0,2,27,5
2018/12/31 1:00,1,1,0,4,0,2,28,4
2018/12/31 1:00,1,1,0,4,0,2,29,27
2018/12/31 1:00,1,1,0,4,0,2,30,2
2018/12/31 1:00,1,1,0,4,0,2,31,0
2018/12/31 1:00,1,1,0,4,0,2,32,3
2018/12/31 1:00,1,1,0,4,0,2,33,9
2018/12/31 1:00,1,1,0,4,0,2,34,2
2018/12/31 1:00,1,1,0,4,0,2,35,7
2018/12/31 1:00,1,1,0,4,0,2,36,3
2018/12/31 1:00,1,1,0,4,0,2,37,5
2018/12/31 1:00,1,1,0,4,0,2,38,0
2018/12/31 1:00,1,1,0,4,0,2,39,0
2018/12/31 1:00,1,1,0,4,0,2,40,4
2018/12/31 1:00,1,1,0,4,0,2,41,2
2018/12/31 1:00,1,1,0,4,0,2,42,1
2018/12/31 1:00,1,1,0,4,0,2,43,0
2018/12/31 1:00,1,1,0,4,0,2,44,1
2018/12/31 1:00,1,1,0,4,0,2,45,1
2018/12/31 1:00,1,1,0,4,0,2,46,1
2018/12/31 1:00,1,1,0,4,0,2,47,3
2018/12/31 1:00,1,1,0,4,0,2,48,0
2018/12/31 1:00,1,1,0,4,0,2,49,1
2018/12/31 1:00,1,1,0,4,0,2,50,1
2018/12/31 1:00,1,1,0,4,0,2,51,0
2018/12/31 1:00,1,1,0,4,0,2,52,0
2018/12/31 1:00,1,1,0,4,0,2,53,0
2018/12/31 2:00,1,1,0,4,0,2,0,14
2018/12/31 2:00,1,1,0,4,0,2,1,77
2018/12/31 2:00,1,1,0,4,0,2,2,68
2018/12/31 2:00,1,1,0,4,0,2,3,6
2018/12/31 2:00,1,1,0,4,0,2,4,7
2018/12/31 2:00,1,1,0,4,0,2,5,9
2018/12/31 2:00,1,1,0,4,0,2,6,11
2018/12/31 2:00,1,1,0,4,0,2,7,5
2018/12/31 2:00,1,1,0,4,0,2,8,55
2018/12/31 2:00,1,1,0,4,0,2,9,5
2018/12/31 2:00,1,1,0,4,0,2,10,1
2018/12/31 2:00,1,1,0,4,0,2,11,6
2018/12/31 2:00,1,1,0,4,0,2,12,14
2018/12/31 2:00,1,1,0,4,0,2,13,39
2018/12/31 2:00,1,1,0,4,0,2,14,1
2018/12/31 2:00,1,1,0,4,0,2,15,10
2018/12/31 2:00,1,1,0,4,0,2,16,1
2018/12/31 2:00,1,1,0,4,0,2,17,0
2018/12/31 2:00,1,1,0,4,0,2,18,22
2018/12/31 2:00,1,1,0,4,0,2,19,4
2018/12/31 2:00,1,1,0,4,0,2,20,1
2018/12/31 2:00,1,1,0,4,0,2,21,3
2018/12/31 2:00,1,1,0,4,0,2,22,1
2018/12/31 2:00,1,1,0,4,0,2,23,9
2018/12/31 2:00,1,1,0,4,0,2,24,0
2018/12/31 2:00,1,1,0,4,0,2,25,3
2018/12/31 2:00,1,1,0,4,0,2,26,0
2018/12/31 2:00,1,1,0,4,0,2,27,0
2018/12/31 2:00,1,1,0,4,0,2,28,5
2018/12/31 2:00,1,1,0,4,0,2,29,24
2018/12/31 2:00,1,1,0,4,0,2,30,7
2018/12/31 2:00,1,1,0,4,0,2,31,1
2018/12/31 2:00,1,1,0,4,0,2,32,1
2018/12/31 2:00,1,1,0,4,0,2,33,7
2018/12/31 2:00,1,1,0,4,0,2,34,2
2018/12/31 2:00,1,1,0,4,0,2,35,0
2018/12/31 2:00,1,1,0,4,0,2,36,1
2018/12/31 2:00,1,1,0,4,0,2,37,6
2018/12/31 2:00,1,1,0,4,0,2,38,0
2018/12/31 2:00,1,1,0,4,0,2,39,1
2018/12/31 2:00,1,1,0,4,0,2,40,6
2018/12/31 2:00,1,1,0,4,0,2,41,1
2018/12/31 2:00,1,1,0,4,0,2,42,2
2018/12/31 2:00,1,1,0,4,0,2,43,0
2018/12/31 2:00,1,1,0,4,0,2,44,0
2018/12/31 2:00,1,1,0,4,0,2,45,0
2018/12/31 2:00,1,1,0,4,0,2,46,1
2018/12/31 2:00,1,1,0,4,0,2,47,2
2018/12/31 2:00,1,1,0,4,0,2,48,2
2018/12/31 2:00,1,1,0,4,0,2,49,3
2018/12/31 2:00,1,1,0,4,0,2,50,0
2018/12/31 2:00,1,1,0,4,0,2,51,0
2018/12/31 2:00,1,1,0,4,0,2,52,0
2018/12/31 2:00,1,1,0,4,0,2,53,0
2018/12/31 3:00,1,1,0,4,0,2,0,4
2018/12/31 3:00,1,1,0,4,0,2,1,69
2018/12/31 3:00,1,1,0,4,0,2,2,60
2018/12/31 3:00,1,1,0,4,0,2,3,4
2018/12/31 3:00,1,1,0,4,0,2,4,2
2018/12/31 3:00,1,1,0,4,0,2,5,5
2018/12/31 3:00,1,1,0,4,0,2,6,5
2018/12/31 3:00,1,1,0,4,0,2,7,4
2018/12/31 3:00,1,1,0,4,0,2,8,24
2018/12/31 3:00,1,1,0,4,0,2,9,4
2018/12/31 3:00,1,1,0,4,0,2,10,2
2018/12/31 3:00,1,1,0,4,0,2,11,1
2018/12/31 3:00,1,1,0,4,0,2,12,12
2018/12/31 3:00,1,1,0,4,0,2,13,28
2018/12/31 3:00,1,1,0,4,0,2,14,0
2018/12/31 3:00,1,1,0,4,0,2,15,5
2018/12/31 3:00,1,1,0,4,0,2,16,0
2018/12/31 3:00,1,1,0,4,0,2,17,2
2018/12/31 3:00,1,1,0,4,0,2,18,14
2018/12/31 3:00,1,1,0,4,0,2,19,2
2018/12/31 3:00,1,1,0,4,0,2,20,0
2018/12/31 3:00,1,1,0,4,0,2,21,0
2018/12/31 3:00,1,1,0,4,0,2,22,2
2018/12/31 3:00,1,1,0,4,0,2,23,10
2018/12/31 3:00,1,1,0,4,0,2,24,2
2018/12/31 3:00,1,1,0,4,0,2,25,2
2018/12/31 3:00,1,1,0,4,0,2,26,4
2018/12/31 3:00,1,1,0,4,0,2,27,2
2018/12/31 3:00,1,1,0,4,0,2,28,4
2018/12/31 3:00,1,1,0,4,0,2,29,5
2018/12/31 3:00,1,1,0,4,0,2,30,3
2018/12/31 3:00,1,1,0,4,0,2,31,1
2018/12/31 3:00,1,1,0,4,0,2,32,1
2018/12/31 3:00,1,1,0,4,0,2,33,6
2018/12/31 3:00,1,1,0,4,0,2,34,3
2018/12/31 3:00,1,1,0,4,0,2,35,3
2018/12/31 3:00,1,1,0,4,0,2,36,0
2018/12/31 3:00,1,1,0,4,0,2,37,3
2018/12/31 3:00,1,1,0,4,0,2,38,0
2018/12/31 3:00,1,1,0,4,0,2,39,1
2018/12/31 3:00,1,1,0,4,0,2,40,1
2018/12/31 3:00,1,1,0,4,0,2,41,2
2018/12/31 3:00,1,1,0,4,0,2,42,2
2018/12/31 3:00,1,1,0,4,0,2,43,0
2018/12/31 3:00,1,1,0,4,0,2,44,0
2018/12/31 3:00,1,1,0,4,0,2,45,0
2018/12/31 3:00,1,1,0,4,0,2,46,0
2018/12/31 3:00,1,1,0,4,0,2,47,0
2018/12/31 3:00,1,1,0,4,0,2,48,0
2018/12/31 3:00,1,1,0,4,0,2,49,3
2018/12/31 3:00,1,1,0,4,0,2,50,0
2018/12/31 3:00,1,1,0,4,0,2,51,0
2018/12/31 3:00,1,1,0,4,0,2,52,1
2018/12/31 3:00,1,1,0,4,0,2,53,0
2018/12/31 4:00,1,1,0,4,0,2,0,4
2018/12/31 4:00,1,1,0,4,0,2,1,61
2018/12/31 4:00,1,1,0,4,0,2,2,50
2018/12/31 4:00,1,1,0,4,0,2,3,2
2018/12/31 4:00,1,1,0,4,0,2,4,2
2018/12/31 4:00,1,1,0,4,0,2,5,5
2018/12/31 4:00,1,1,0,4,0,2,6,3
2018/12/31 4:00,1,1,0,4,0,2,7,6
2018/12/31 4:00,1,1,0,4,0,2,8,12
2018/12/31 4:00,1,1,0,4,0,2,9,5
2018/12/31 4:00,1,1,0,4,0,2,10,1
2018/12/31 4:00,1,1,0,4,0,2,11,6
2018/12/31 4:00,1,1,0,4,0,2,12,13
2018/12/31 4:00,1,1,0,4,0,2,13,25
2018/12/31 4:00,1,1,0,4,0,2,14,1
2018/12/31 4:00,1,1,0,4,0,2,15,1
2018/12/31 4:00,1,1,0,4,0,2,16,0
2018/12/31 4:00,1,1,0,4,0,2,17,1
2018/12/31 4:00,1,1,0,4,0,2,18,6
2018/12/31 4:00,1,1,0,4,0,2,19,1
2018/12/31 4:00,1,1,0,4,0,2,20,1
2018/12/31 4:00,1,1,0,4,0,2,21,2
2018/12/31 4:00,1,1,0,4,0,2,22,3
2018/12/31 4:00,1,1,0,4,0,2,23,7
2018/12/31 4:00,1,1,0,4,0,2,24,1
2018/12/31 4:00,1,1,0,4,0,2,25,1
2018/12/31 4:00,1,1,0,4,0,2,26,2
2018/12/31 4:00,1,1,0,4,0,2,27,2
2018/12/31 4:00,1,1,0,4,0,2,28,2
2018/12/31 4:00,1,1,0,4,0,2,29,0
2018/12/31 4:00,1,1,0,4,0,2,30,2
2018/12/31 4:00,1,1,0,4,0,2,31,1
2018/12/31 4:00,1,1,0,4,0,2,32,8
2018/12/31 4:00,1,1,0,4,0,2,33,3
2018/12/31 4:00,1,1,0,4,0,2,34,6
2018/12/31 4:00,1,1,0,4,0,2,35,1
2018/12/31 4:00,1,1,0,4,0,2,36,1
2018/12/31 4:00,1,1,0,4,0,2,37,0
2018/12/31 4:00,1,1,0,4,0,2,38,0
2018/12/31 4:00,1,1,0,4,0,2,39,0
2018/12/31 4:00,1,1,0,4,0,2,40,6
2018/12/31 4:00,1,1,0,4,0,2,41,0
2018/12/31 4:00,1,1,0,4,0,2,42,1
2018/12/31 4:00,1,1,0,4,0,2,43,0
2018/12/31 4:00,1,1,0,4,0,2,44,2
2018/12/31 4:00,1,1,0,4,0,2,45,0
2018/12/31 4:00,1,1,0,4,0,2,46,1
2018/12/31 4:00,1,1,0,4,0,2,47,2
2018/12/31 4:00,1,1,0,4,0,2,48,0
2018/12/31 4:00,1,1,0,4,0,2,49,2
2018/12/31 4:00,1,1,0,4,0,2,50,0
2018/12/31 4:00,1,1,0,4,0,2,51,0
2018/12/31 4:00,1,1,0,4,0,2,52,0
2018/12/31 4:00,1,1,0,4,0,2,53,0
2018/12/31 5:00,1,1,0,4,0,2,0,9
2018/12/31 5:00,1,1,0,4,0,2,1,65
2018/12/31 5:00,1,1,0,4,0,2,2,80
2018/12/31 5:00,1,1,0,4,0,2,3,1
2018/12/31 5:00,1,1,0,4,0,2,4,5
2018/12/31 5:00,1,1,0,4,0,2,5,6
2018/12/31 5:00,1,1,0,4,0,2,6,2
2018/12/31 5:00,1,1,0,4,0,2,7,2
2018/12/31 5:00,1,1,0,4,0,2,8,22
2018/12/31 5:00,1,1,0,4,0,2,9,4
2018/12/31 5:00,1,1,0,4,0,2,10,0
2018/12/31 5:00,1,1,0,4,0,2,11,13
2018/12/31 5:00,1,1,0,4,0,2,12,10
2018/12/31 5:00,1,1,0,4,0,2,13,29
2018/12/31 5:00,1,1,0,4,0,2,14,3
2018/12/31 5:00,1,1,0,4,0,2,15,7
2018/12/31 5:00,1,1,0,4,0,2,16,0
2018/12/31 5:00,1,1,0,4,0,2,17,1
2018/12/31 5:00,1,1,0,4,0,2,18,8
2018/12/31 5:00,1,1,0,4,0,2,19,4
2018/12/31 5:00,1,1,0,4,0,2,20,2
2018/12/31 5:00,1,1,0,4,0,2,21,2
2018/12/31 5:00,1,1,0,4,0,2,22,1
2018/12/31 5:00,1,1,0,4,0,2,23,3
2018/12/31 5:00,1,1,0,4,0,2,24,2
2018/12/31 5:00,1,1,0,4,0,2,25,0
2018/12/31 5:00,1,1,0,4,0,2,26,3
2018/12/31 5:00,1,1,0,4,0,2,27,4
2018/12/31 5:00,1,1,0,4,0,2,28,5
2018/12/31 5:00,1,1,0,4,0,2,29,3
2018/12/31 5:00,1,1,0,4,0,2,30,0
2018/12/31 5:00,1,1,0,4,0,2,31,1
2018/12/31 5:00,1,1,0,4,0,2,32,1
2018/12/31 5:00,1,1,0,4,0,2,33,10
2018/12/31 5:00,1,1,0,4,0,2,34,7
2018/12/31 5:00,1,1,0,4,0,2,35,3
2018/12/31 5:00,1,1,0,4,0,2,36,1
2018/12/31 5:00,1,1,0,4,0,2,37,5
2018/12/31 5:00,1,1,0,4,0,2,38,1
2018/12/31 5:00,1,1,0,4,0,2,39,0
2018/12/31 5:00,1,1,0,4,0,2,40,0
2018/12/31 5:00,1,1,0,4,0,2,41,1
2018/12/31 5:00,1,1,0,4,0,2,42,0
2018/12/31 5:00,1,1,0,4,0,2,43,3
2018/12/31 5:00,1,1,0,4,0,2,44,5
2018/12/31 5:00,1,1,0,4,0,2,45,1
2018/12/31 5:00,1,1,0,4,0,2,46,0
2018/12/31 5:00,1,1,0,4,0,2,47,0
2018/12/31 5:00,1,1,0,4,0,2,48,2
2018/12/31 5:00,1,1,0,4,0,2,49,0
2018/12/31 5:00,1,1,0,4,0,2,50,2
2018/12/31 5:00,1,1,0,4,0,2,51,0
2018/12/31 5:00,1,1,0,4,0,2,52,1
2018/12/31 5:00,1,1,0,4,0,2,53,0
2018/12/31 6:00,1,1,0,4,0,2,0,4
2018/12/31 6:00,1,1,0,4,0,2,1,115
2018/12/31 6:00,1,1,0,4,0,2,2,119
2018/12/31 6:00,1,1,0,4,0,2,3,4
2018/12/31 6:00,1,1,0,4,0,2,4,10
2018/12/31 6:00,1,1,0,4,0,2,5,2
2018/12/31 6:00,1,1,0,4,0,2,6,21
2018/12/31 6:00,1,1,0,4,0,2,7,6
2018/12/31 6:00,1,1,0,4,0,2,8,39
2018/12/31 6:00,1,1,0,4,0,2,9,13
2018/12/31 6:00,1,1,0,4,0,2,10,3
2018/12/31 6:00,1,1,0,4,0,2,11,21
2018/12/31 6:00,1,1,0,4,0,2,12,28
2018/12/31 6:00,1,1,0,4,0,2,13,20
2018/12/31 6:00,1,1,0,4,0,2,14,10
2018/12/31 6:00,1,1,0,4,0,2,15,9
2018/12/31 6:00,1,1,0,4,0,2,16,0
2018/12/31 6:00,1,1,0,4,0,2,17,0
2018/12/31 6:00,1,1,0,4,0,2,18,13
2018/12/31 6:00,1,1,0,4,0,2,19,6
2018/12/31 6:00,1,1,0,4,0,2,20,1
2018/12/31 6:00,1,1,0,4,0,2,21,9
2018/12/31 6:00,1,1,0,4,0,2,22,12
2018/12/31 6:00,1,1,0,4,0,2,23,9
2018/12/31 6:00,1,1,0,4,0,2,24,5
2018/12/31 6:00,1,1,0,4,0,2,25,1
2018/12/31 6:00,1,1,0,4,0,2,26,2
2018/12/31 6:00,1,1,0,4,0,2,27,4
2018/12/31 6:00,1,1,0,4,0,2,28,10
2018/12/31 6:00,1,1,0,4,0,2,29,2
2018/12/31 6:00,1,1,0,4,0,2,30,1
2018/12/31 6:00,1,1,0,4,0,2,31,4
2018/12/31 6:00,1,1,0,4,0,2,32,10
2018/12/31 6:00,1,1,0,4,0,2,33,11
2018/12/31 6:00,1,1,0,4,0,2,34,20
2018/12/31 6:00,1,1,0,4,0,2,35,3
2018/12/31 6:00,1,1,0,4,0,2,36,3
2018/12/31 6:00,1,1,0,4,0,2,37,2
2018/12/31 6:00,1,1,0,4,0,2,38,0
2018/12/31 6:00,1,1,0,4,0,2,39,3
2018/12/31 6:00,1,1,0,4,0,2,40,3
2018/12/31 6:00,1,1,0,4,0,2,41,2
2018/12/31 6:00,1,1,0,4,0,2,42,0
2018/12/31 6:00,1,1,0,4,0,2,43,6
2018/12/31 6:00,1,1,0,4,0,2,44,3
2018/12/31 6:00,1,1,0,4,0,2,45,5
2018/12/31 6:00,1,1,0,4,0,2,46,1
2018/12/31 6:00,1,1,0,4,0,2,47,1
2018/12/31 6:00,1,1,0,4,0,2,48,1
2018/12/31 6:00,1,1,0,4,0,2,49,1
2018/12/31 6:00,1,1,0,4,0,2,50,2
2018/12/31 6:00,1,1,0,4,0,2,51,3
2018/12/31 6:00,1,1,0,4,0,2,52,2
2018/12/31 6:00,1,1,0,4,0,2,53,0
2018/12/31 7:00,1,1,0,4,0,2,0,28
2018/12/31 7:00,1,1,0,4,0,2,1,379
2018/12/31 7:00,1,1,0,4,0,2,2,488
2018/12/31 7:00,1,1,0,4,0,2,3,13
2018/12/31 7:00,1,1,0,4,0,2,4,58
2018/12/31 7:00,1,1,0,4,0,2,5,13
2018/12/31 7:00,1,1,0,4,0,2,6,123
2018/12/31 7:00,1,1,0,4,0,2,7,11
2018/12/31 7:00,1,1,0,4,0,2,8,178
2018/12/31 7:00,1,1,0,4,0,2,9,41
2018/12/31 7:00,1,1,0,4,0,2,10,7
2018/12/31 7:00,1,1,0,4,0,2,11,58
2018/12/31 7:00,1,1,0,4,0,2,12,69
2018/12/31 7:00,1,1,0,4,0,2,13,49
2018/12/31 7:00,1,1,0,4,0,2,14,46
2018/12/31 7:00,1,1,0,4,0,2,15,17
2018/12/31 7:00,1,1,0,4,0,2,16,0
2018/12/31 7:00,1,1,0,4,0,2,17,6
2018/12/31 7:00,1,1,0,4,0,2,18,84
2018/12/31 7:00,1,1,0,4,0,2,19,35
2018/12/31 7:00,1,1,0,4,0,2,20,4
2018/12/31 7:00,1,1,0,4,0,2,21,11
2018/12/31 7:00,1,1,0,4,0,2,22,119
2018/12/31 7:00,1,1,0,4,0,2,23,44
2018/12/31 7:00,1,1,0,4,0,2,24,5
2018/12/31 7:00,1,1,0,4,0,2,25,4
2018/12/31 7:00,1,1,0,4,0,2,26,13
2018/12/31 7:00,1,1,0,4,0,2,27,29
2018/12/31 7:00,1,1,0,4,0,2,28,30
2018/12/31 7:00,1,1,0,4,0,2,29,2
2018/12/31 7:00,1,1,0,4,0,2,30,7
2018/12/31 7:00,1,1,0,4,0,2,31,6
2018/12/31 7:00,1,1,0,4,0,2,32,20
2018/12/31 7:00,1,1,0,4,0,2,33,63
2018/12/31 7:00,1,1,0,4,0,2,34,85
2018/12/31 7:00,1,1,0,4,0,2,35,17
2018/12/31 7:00,1,1,0,4,0,2,36,6
2018/12/31 7:00,1,1,0,4,0,2,37,15
2018/12/31 7:00,1,1,0,4,0,2,38,6
2018/12/31 7:00,1,1,0,4,0,2,39,12
2018/12/31 7:00,1,1,0,4,0,2,40,24
2018/12/31 7:00,1,1,0,4,0,2,41,5
2018/12/31 7:00,1,1,0,4,0,2,42,2
2018/12/31 7:00,1,1,0,4,0,2,43,41
2018/12/31 7:00,1,1,0,4,0,2,44,20
2018/12/31 7:00,1,1,0,4,0,2,45,19
2018/12/31 7:00,1,1,0,4,0,2,46,1
2018/12/31 7:00,1,1,0,4,0,2,47,4
2018/12/31 7:00,1,1,0,4,0,2,48,17
2018/12/31 7:00,1,1,0,4,0,2,49,20
2018/12/31 7:00,1,1,0,4,0,2,50,2
2018/12/31 7:00,1,1,0,4,0,2,51,7
2018/12/31 7:00,1,1,0,4,0,2,52,8
2018/12/31 7:00,1,1,0,4,0,2,53,0
2018/12/31 8:00,1,1,0,4,0,2,0,58
2018/12/31 8:00,1,1,0,4,0,2,1,723
2018/12/31 8:00,1,1,0,4,0,2,2,783
2018/12/31 8:00,1,1,0,4,0,2,3,28
2018/12/31 8:00,1,1,0,4,0,2,4,153
2018/12/31 8:00,1,1,0,4,0,2,5,37
2018/12/31 8:00,1,1,0,4,0,2,6,209
2018/12/31 8:00,1,1,0,4,0,2,7,39
2018/12/31 8:00,1,1,0,4,0,2,8,373
2018/12/31 8:00,1,1,0,4,0,2,9,60
2018/12/31 8:00,1,1,0,4,0,2,10,13
2018/12/31 8:00,1,1,0,4,0,2,11,77
2018/12/31 8:00,1,1,0,4,0,2,12,135
2018/12/31 8:00,1,1,0,4,0,2,13,136
2018/12/31 8:00,1,1,0,4,0,2,14,55
2018/12/31 8:00,1,1,0,4,0,2,15,25
2018/12/31 8:00,1,1,0,4,0,2,16,3
2018/12/31 8:00,1,1,0,4,0,2,17,12
2018/12/31 8:00,1,1,0,4,0,2,18,149
2018/12/31 8:00,1,1,0,4,0,2,19,49
2018/12/31 8:00,1,1,0,4,0,2,20,4
2018/12/31 8:00,1,1,0,4,0,2,21,3
2018/12/31 8:00,1,1,0,4,0,2,22,172
2018/12/31 8:00,1,1,0,4,0,2,23,82
2018/12/31 8:00,1,1,0,4,0,2,24,12
2018/12/31 8:00,1,1,0,4,0,2,25,14
2018/12/31 8:00,1,1,0,4,0,2,26,20
2018/12/31 8:00,1,1,0,4,0,2,27,63
2018/12/31 8:00,1,1,0,4,0,2,28,34
2018/12/31 8:00,1,1,0,4,0,2,29,25
2018/12/31 8:00,1,1,0,4,0,2,30,6
2018/12/31 8:00,1,1,0,4,0,2,31,24
2018/12/31 8:00,1,1,0,4,0,2,32,45
2018/12/31 8:00,1,1,0,4,0,2,33,159
2018/12/31 8:00,1,1,0,4,0,2,34,135
2018/12/31 8:00,1,1,0,4,0,2,35,17
2018/12/31 8:00,1,1,0,4,0,2,36,12
2018/12/31 8:00,1,1,0,4,0,2,37,20
2018/12/31 8:00,1,1,0,4,0,2,38,8
2018/12/31 8:00,1,1,0,4,0,2,39,9
2018/12/31 8:00,1,1,0,4,0,2,40,62
2018/12/31 8:00,1,1,0,4,0,2,41,10
2018/12/31 8:00,1,1,0,4,0,2,42,8
2018/12/31 8:00,1,1,0,4,0,2,43,55
2018/12/31 8:00,1,1,0,4,0,2,44,24
2018/12/31 8:00,1,1,0,4,0,2,45,28
2018/12/31 8:00,1,1,0,4,0,2,46,4
2018/12/31 8:00,1,1,0,4,0,2,47,11
2018/12/31 8:00,1,1,0,4,0,2,48,56
2018/12/31 8:00,1,1,0,4,0,2,49,36
2018/12/31 8:00,1,1,0,4,0,2,50,4
2018/12/31 8:00,1,1,0,4,0,2,51,15
2018/12/31 8:00,1,1,0,4,0,2,52,11
2018/12/31 8:00,1,1,0,4,0,2,53,0
2018/12/31 9:00,1,1,0,4,0,2,0,54
2018/12/31 9:00,1,1,0,4,0,2,1,1023
2018/12/31 9:00,1,1,0,4,0,2,2,808
2018/12/31 9:00,1,1,0,4,0,2,3,27
2018/12/31 9:00,1,1,0,4,0,2,4,149
2018/12/31 9:00,1,1,0,4,0,2,5,16
2018/12/31 9:00,1,1,0,4,0,2,6,168
2018/12/31 9:00,1,1,0,4,0,2,7,37
2018/12/31 9:00,1,1,0,4,0,2,8,452
2018/12/31 9:00,1,1,0,4,0,2,9,81
2018/12/31 9:00,1,1,0,4,0,2,10,14
2018/12/31 9:00,1,1,0,4,0,2,11,97
2018/12/31 9:00,1,1,0,4,0,2,12,200
2018/12/31 9:00,1,1,0,4,0,2,13,173
2018/12/31 9:00,1,1,0,4,0,2,14,44
2018/12/31 9:00,1,1,0,4,0,2,15,36
2018/12/31 9:00,1,1,0,4,0,2,16,0
2018/12/31 9:00,1,1,0,4,0,2,17,4
2018/12/31 9:00,1,1,0,4,0,2,18,156
2018/12/31 9:00,1,1,0,4,0,2,19,56
2018/12/31 9:00,1,1,0,4,0,2,20,7
2018/12/31 9:00,1,1,0,4,0,2,21,13
2018/12/31 9:00,1,1,0,4,0,2,22,159
2018/12/31 9:00,1,1,0,4,0,2,23,77
2018/12/31 9:00,1,1,0,4,0,2,24,11
2018/12/31 9:00,1,1,0,4,0,2,25,20
2018/12/31 9:00,1,1,0,4,0,2,26,24
2018/12/31 9:00,1,1,0,4,0,2,27,50
2018/12/31 9:00,1,1,0,4,0,2,28,71
2018/12/31 9:00,1,1,0,4,0,2,29,24
2018/12/31 9:00,1,1,0,4,0,2,30,11
2018/12/31 9:00,1,1,0,4,0,2,31,24
2018/12/31 9:00,1,1,0,4,0,2,32,42
2018/12/31 9:00,1,1,0,4,0,2,33,147
2018/12/31 9:00,1,1,0,4,0,2,34,122
2018/12/31 9:00,1,1,0,4,0,2,35,33
2018/12/31 9:00,1,1,0,4,0,2,36,23
2018/12/31 9:00,1,1,0,4,0,2,37,24
2018/12/31 9:00,1,1,0,4,0,2,38,1
2018/12/31 9:00,1,1,0,4,0,2,39,13
2018/12/31 9:00,1,1,0,4,0,2,40,34
2018/12/31 9:00,1,1,0,4,0,2,41,7
2018/12/31 9:00,1,1,0,4,0,2,42,9
2018/12/31 9:00,1,1,0,4,0,2,43,45
2018/12/31 9:00,1,1,0,4,0,2,44,31
2018/12/31 9:00,1,1,0,4,0,2,45,45
2018/12/31 9:00,1,1,0,4,0,2,46,3
2018/12/31 9:00,1,1,0,4,0,2,47,7
2018/12/31 9:00,1,1,0,4,0,2,48,40
2018/12/31 9:00,1,1,0,4,0,2,49,45
2018/12/31 9:00,1,1,0,4,0,2,50,10
2018/12/31 9:00,1,1,0,4,0,2,51,21
2018/12/31 9:00,1,1,0,4,0,2,52,11
2018/12/31 9:00,1,1,0,4,0,2,53,0
2018/12/31 10:00,1,1,0,4,0,2,0,51
2018/12/31 10:00,1,1,0,4,0,2,1,986
2018/12/31 10:00,1,1,0,4,0,2,2,732
2018/12/31 10:00,1,1,0,4,0,2,3,27
2018/12/31 10:00,1,1,0,4,0,2,4,136
2018/12/31 10:00,1,1,0,4,0,2,5,24
2018/12/31 10:00,1,1,0,4,0,2,6,140
2018/12/31 10:00,1,1,0,4,0,2,7,35
2018/12/31 10:00,1,1,0,4,0,2,8,393
2018/12/31 10:00,1,1,0,4,0,2,9,53
2018/12/31 10:00,1,1,0,4,0,2,10,17
2018/12/31 10:00,1,1,0,4,0,2,11,95
2018/12/31 10:00,1,1,0,4,0,2,12,211
2018/12/31 10:00,1,1,0,4,0,2,13,182
2018/12/31 10:00,1,1,0,4,0,2,14,51
2018/12/31 10:00,1,1,0,4,0,2,15,47
2018/12/31 10:00,1,1,0,4,0,2,16,3
2018/12/31 10:00,1,1,0,4,0,2,17,7
2018/12/31 10:00,1,1,0,4,0,2,18,142
2018/12/31 10:00,1,1,0,4,0,2,19,60
2018/12/31 10:00,1,1,0,4,0,2,20,6
2018/12/31 10:00,1,1,0,4,0,2,21,11
2018/12/31 10:00,1,1,0,4,0,2,22,138
2018/12/31 10:00,1,1,0,4,0,2,23,78
2018/12/31 10:00,1,1,0,4,0,2,24,7
2018/12/31 10:00,1,1,0,4,0,2,25,9
2018/12/31 10:00,1,1,0,4,0,2,26,23
2018/12/31 10:00,1,1,0,4,0,2,27,29
2018/12/31 10:00,1,1,0,4,0,2,28,56
2018/12/31 10:00,1,1,0,4,0,2,29,41
2018/12/31 10:00,1,1,0,4,0,2,30,11
2018/12/31 10:00,1,1,0,4,0,2,31,26
2018/12/31 10:00,1,1,0,4,0,2,32,31
2018/12/31 10:00,1,1,0,4,0,2,33,115
2018/12/31 10:00,1,1,0,4,0,2,34,82
2018/12/31 10:00,1,1,0,4,0,2,35,31
2018/12/31 10:00,1,1,0,4,0,2,36,25
2018/12/31 10:00,1,1,0,4,0,2,37,21
2018/12/31 10:00,1,1,0,4,0,2,38,4
2018/12/31 10:00,1,1,0,4,0,2,39,9
2018/12/31 10:00,1,1,0,4,0,2,40,32
2018/12/31 10:00,1,1,0,4,0,2,41,9
2018/12/31 10:00,1,1,0,4,0,2,42,7
2018/12/31 10:00,1,1,0,4,0,2,43,38
2018/12/31 10:00,1,1,0,4,0,2,44,30
2018/12/31 10:00,1,1,0,4,0,2,45,45
2018/12/31 10:00,1,1,0,4,0,2,46,5
2018/12/31 10:00,1,1,0,4,0,2,47,3
2018/12/31 10:00,1,1,0,4,0,2,48,28
2018/12/31 10:00,1,1,0,4,0,2,49,29
2018/12/31 10:00,1,1,0,4,0,2,50,6
2018/12/31 10:00,1,1,0,4,0,2,51,9
2018/12/31 10:00,1,1,0,4,0,2,52,7
2018/12/31 10:00,1,1,0,4,0,2,53,0
2018/12/31 11:00,1,1,0,4,0,2,0,52
2018/12/31 11:00,1,1,0,4,0,2,1,1170
2018/12/31 11:00,1,1,0,4,0,2,2,890
2018/12/31 11:00,1,1,0,4,0,2,3,33
2018/12/31 11:00,1,1,0,4,0,2,4,143
2018/12/31 11:00,1,1,0,4,0,2,5,38
2018/12/31 11:00,1,1,0,4,0,2,6,162
2018/12/31 11:00,1,1,0,4,0,2,7,30
2018/12/31 11:00,1,1,0,4,0,2,8,515
2018/12/31 11:00,1,1,0,4,0,2,9,84
2018/12/31 11:00,1,1,0,4,0,2,10,28
2018/12/31 11:00,1,1,0,4,0,2,11,90
2018/12/31 11:00,1,1,0,4,0,2,12,204
2018/12/31 11:00,1,1,0,4,0,2,13,203
2018/12/31 11:00,1,1,0,4,0,2,14,60
2018/12/31 11:00,1,1,0,4,0,2,15,64
2018/12/31 11:00,1,1,0,4,0,2,16,6
2018/12/31 11:00,1,1,0,4,0,2,17,4
2018/12/31 11:00,1,1,0,4,0,2,18,226
2018/12/31 11:00,1,1,0,4,0,2,19,56
2018/12/31 11:00,1,1,0,4,0,2,20,12
2018/12/31 11:00,1,1,0,4,0,2,21,13
2018/12/31 11:00,1,1,0,4,0,2,22,196
2018/12/31 11:00,1,1,0,4,0,2,23,108
2018/12/31 11:00,1,1,0,4,0,2,24,12
2018/12/31 11:00,1,1,0,4,0,2,25,18
2018/12/31 11:00,1,1,0,4,0,2,26,24
2018/12/31 11:00,1,1,0,4,0,2,27,49
2018/12/31 11:00,1,1,0,4,0,2,28,68
2018/12/31 11:00,1,1,0,4,0,2,29,35
2018/12/31 11:00,1,1,0,4,0,2,30,11
2018/12/31 11:00,1,1,0,4,0,2,31,25
2018/12/31 11:00,1,1,0,4,0,2,32,36
2018/12/31 11:00,1,1,0,4,0,2,33,132
2018/12/31 11:00,1,1,0,4,0,2,34,109
2018/12/31 11:00,1,1,0,4,0,2,35,34
2018/12/31 11:00,1,1,0,4,0,2,36,28
2018/12/31 11:00,1,1,0,4,0,2,37,25
2018/12/31 11:00,1,1,0,4,0,2,38,9
2018/12/31 11:00,1,1,0,4,0,2,39,9
2018/12/31 11:00,1,1,0,4,0,2,40,26
2018/12/31 11:00,1,1,0,4,0,2,41,15
2018/12/31 11:00,1,1,0,4,0,2,42,13
2018/12/31 11:00,1,1,0,4,0,2,43,51
2018/12/31 11:00,1,1,0,4,0,2,44,18
2018/12/31 11:00,1,1,0,4,0,2,45,63
2018/12/31 11:00,1,1,0,4,0,2,46,1
2018/12/31 11:00,1,1,0,4,0,2,47,13
2018/12/31 11:00,1,1,0,4,0,2,48,17
2018/12/31 11:00,1,1,0,4,0,2,49,47
2018/12/31 11:00,1,1,0,4,0,2,50,11
2018/12/31 11:00,1,1,0,4,0,2,51,20
2018/12/31 11:00,1,1,0,4,0,2,52,12
2018/12/31 11:00,1,1,0,4,0,2,53,0
2018/12/31 12:00,1,1,0,4,0,2,0,83
2018/12/31 12:00,1,1,0,4,0,2,1,1348
2018/12/31 12:00,1,1,0,4,0,2,2,1021
2018/12/31 12:00,1,1,0,4,0,2,3,23
2018/12/31 12:00,1,1,0,4,0,2,4,187
2018/12/31 12:00,1,1,0,4,0,2,5,38
2018/12/31 12:00,1,1,0,4,0,2,6,214
2018/12/31 12:00,1,1,0,4,0,2,7,58
2018/12/31 12:00,1,1,0,4,0,2,8,585
2018/12/31 12:00,1,1,0,4,0,2,9,94
2018/12/31 12:00,1,1,0,4,0,2,10,17
2018/12/31 12:00,1,1,0,4,0,2,11,113
2018/12/31 12:00,1,1,0,4,0,2,12,289
2018/12/31 12:00,1,1,0,4,0,2,13,237
2018/12/31 12:00,1,1,0,4,0,2,14,70
2018/12/31 12:00,1,1,0,4,0,2,15,55
2018/12/31 12:00,1,1,0,4,0,2,16,11
2018/12/31 12:00,1,1,0,4,0,2,17,1
2018/12/31 12:00,1,1,0,4,0,2,18,249
2018/12/31 12:00,1,1,0,4,0,2,19,78
2018/12/31 12:00,1,1,0,4,0,2,20,15
2018/12/31 12:00,1,1,0,4,0,2,21,18
2018/12/31 12:00,1,1,0,4,0,2,22,204
2018/12/31 12:00,1,1,0,4,0,2,23,133
2018/12/31 12:00,1,1,0,4,0,2,24,5
2018/12/31 12:00,1,1,0,4,0,2,25,25
2018/12/31 12:00,1,1,0,4,0,2,26,23
2018/12/31 12:00,1,1,0,4,0,2,27,46
2018/12/31 12:00,1,1,0,4,0,2,28,81
2018/12/31 12:00,1,1,0,4,0,2,29,31
2018/12/31 12:00,1,1,0,4,0,2,30,20
2018/12/31 12:00,1,1,0,4,0,2,31,25
2018/12/31 12:00,1,1,0,4,0,2,32,53
2018/12/31 12:00,1,1,0,4,0,2,33,166
2018/12/31 12:00,1,1,0,4,0,2,34,118
2018/12/31 12:00,1,1,0,4,0,2,35,60
2018/12/31 12:00,1,1,0,4,0,2,36,29
2018/12/31 12:00,1,1,0,4,0,2,37,25
2018/12/31 12:00,1,1,0,4,0,2,38,12
2018/12/31 12:00,1,1,0,4,0,2,39,21
2018/12/31 12:00,1,1,0,4,0,2,40,43
2018/12/31 12:00,1,1,0,4,0,2,41,18
2018/12/31 12:00,1,1,0,4,0,2,42,8
2018/12/31 12:00,1,1,0,4,0,2,43,48
2018/12/31 12:00,1,1,0,4,0,2,44,37
2018/12/31 12:00,1,1,0,4,0,2,45,91
2018/12/31 12:00,1,1,0,4,0,2,46,3
2018/12/31 12:00,1,1,0,4,0,2,47,19
2018/12/31 12:00,1,1,0,4,0,2,48,28
2018/12/31 12:00,1,1,0,4,0,2,49,35
2018/12/31 12:00,1,1,0,4,0,2,50,9
2018/12/31 12:00,1,1,0,4,0,2,51,21
2018/12/31 12:00,1,1,0,4,0,2,52,14
2018/12/31 12:00,1,1,0,4,0,2,53,0
2018/12/31 13:00,1,1,0,4,0,2,0,109
2018/12/31 13:00,1,1,0,4,0,2,1,1347
2018/12/31 13:00,1,1,0,4,0,2,2,1232
2018/12/31 13:00,1,1,0,4,0,2,3,37
2018/12/31 13:00,1,1,0,4,0,2,4,167
2018/12/31 13:00,1,1,0,4,0,2,5,36
2018/12/31 13:00,1,1,0,4,0,2,6,250
2018/12/31 13:00,1,1,0,4,0,2,7,58
2018/12/31 13:00,1,1,0,4,0,2,8,560
2018/12/31 13:00,1,1,0,4,0,2,9,116
2018/12/31 13:00,1,1,0,4,0,2,10,20
2018/12/31 13:00,1,1,0,4,0,2,11,115
2018/12/31 13:00,1,1,0,4,0,2,12,268
2018/12/31 13:00,1,1,0,4,0,2,13,312
2018/12/31 13:00,1,1,0,4,0,2,14,59
2018/12/31 13:00,1,1,0,4,0,2,15,60
2018/12/31 13:00,1,1,0,4,0,2,16,5
2018/12/31 13:00,1,1,0,4,0,2,17,8
2018/12/31 13:00,1,1,0,4,0,2,18,310
2018/12/31 13:00,1,1,0,4,0,2,19,66
2018/12/31 13:00,1,1,0,4,0,2,20,19
2018/12/31 13:00,1,1,0,4,0,2,21,22
2018/12/31 13:00,1,1,0,4,0,2,22,214
2018/12/31 13:00,1,1,0,4,0,2,23,122
2018/12/31 13:00,1,1,0,4,0,2,24,18
2018/12/31 13:00,1,1,0,4,0,2,25,18
2018/12/31 13:00,1,1,0,4,0,2,26,42
2018/12/31 13:00,1,1,0,4,0,2,27,42
2018/12/31 13:00,1,1,0,4,0,2,28,88
2018/12/31 13:00,1,1,0,4,0,2,29,35
2018/12/31 13:00,1,1,0,4,0,2,30,34
2018/12/31 13:00,1,1,0,4,0,2,31,33
2018/12/31 13:00,1,1,0,4,0,2,32,53
2018/12/31 13:00,1,1,0,4,0,2,33,160
2018/12/31 13:00,1,1,0,4,0,2,34,108
2018/12/31 13:00,1,1,0,4,0,2,35,64
2018/12/31 13:00,1,1,0,4,0,2,36,25
2018/12/31 13:00,1,1,0,4,0,2,37,37
2018/12/31 13:00,1,1,0,4,0,2,38,12
2018/12/31 13:00,1,1,0,4,0,2,39,10
2018/12/31 13:00,1,1,0,4,0,2,40,38
2018/12/31 13:00,1,1,0,4,0,2,41,22
2018/12/31 13:00,1,1,0,4,0,2,42,13
2018/12/31 13:00,1,1,0,4,0,2,43,49
2018/12/31 13:00,1,1,0,4,0,2,44,40
2018/12/31 13:00,1,1,0,4,0,2,45,108
2018/12/31 13:00,1,1,0,4,0,2,46,4
2018/12/31 13:00,1,1,0,4,0,2,47,14
2018/12/31 13:00,1,1,0,4,0,2,48,38
2018/12/31 13:00,1,1,0,4,0,2,49,42
2018/12/31 13:00,1,1,0,4,0,2,50,14
2018/12/31 13:00,1,1,0,4,0,2,51,18
2018/12/31 13:00,1,1,0,4,0,2,52,7
2018/12/31 13:00,1,1,0,4,0,2,53,0
2018/12/31 14:00,1,1,0,4,0,2,0,131
2018/12/31 14:00,1,1,0,4,0,2,1,1130
2018/12/31 14:00,1,1,0,4,0,2,2,1236
2018/12/31 14:00,1,1,0,4,0,2,3,30
2018/12/31 14:00,1,1,0,4,0,2,4,189
2018/12/31 14:00,1,1,0,4,0,2,5,31
2018/12/31 14:00,1,1,0,4,0,2,6,234
2018/12/31 14:00,1,1,0,4,0,2,7,54
2018/12/31 14:00,1,1,0,4,0,2,8,709
2018/12/31 14:00,1,1,0,4,0,2,9,113
2018/12/31 14:00,1,1,0,4,0,2,10,29
2018/12/31 14:00,1,1,0,4,0,2,11,112
2018/12/31 14:00,1,1,0,4,0,2,12,252
2018/12/31 14:00,1,1,0,4,0,2,13,251
2018/12/31 14:00,1,1,0,4,0,2,14,50
2018/12/31 14:00,1,1,0,4,0,2,15,79
2018/12/31 14:00,1,1,0,4,0,2,16,8
2018/12/31 14:00,1,1,0,4,0,2,17,11
2018/12/31 14:00,1,1,0,4,0,2,18,353
2018/12/31 14:00,1,1,0,4,0,2,19,59
2018/12/31 14:00,1,1,0,4,0,2,20,18
2018/12/31 14:00,1,1,0,4,0,2,21,22
2018/12/31 14:00,1,1,0,4,0,2,22,245
2018/12/31 14:00,1,1,0,4,0,2,23,124
2018/12/31 14:00,1,1,0,4,0,2,24,14
2018/12/31 14:00,1,1,0,4,0,2,25,25
2018/12/31 14:00,1,1,0,4,0,2,26,36
2018/12/31 14:00,1,1,0,4,0,2,27,30
2018/12/31 14:00,1,1,0,4,0,2,28,79
2018/12/31 14:00,1,1,0,4,0,2,29,28
2018/12/31 14:00,1,1,0,4,0,2,30,28
2018/12/31 14:00,1,1,0,4,0,2,31,29
2018/12/31 14:00,1,1,0,4,0,2,32,50
2018/12/31 14:00,1,1,0,4,0,2,33,141
2018/12/31 14:00,1,1,0,4,0,2,34,88
2018/12/31 14:00,1,1,0,4,0,2,35,43
2018/12/31 14:00,1,1,0,4,0,2,36,28
2018/12/31 14:00,1,1,0,4,0,2,37,34
2018/12/31 14:00,1,1,0,4,0,2,38,12
2018/12/31 14:00,1,1,0,4,0,2,39,16
2018/12/31 14:00,1,1,0,4,0,2,40,44
2018/12/31 14:00,1,1,0,4,0,2,41,16
2018/12/31 14:00,1,1,0,4,0,2,42,17
2018/12/31 14:00,1,1,0,4,0,2,43,57
2018/12/31 14:00,1,1,0,4,0,2,44,21
2018/12/31 14:00,1,1,0,4,0,2,45,124
2018/12/31 14:00,1,1,0,4,0,2,46,4
2018/12/31 14:00,1,1,0,4,0,2,47,10
2018/12/31 14:00,1,1,0,4,0,2,48,31
2018/12/31 14:00,1,1,0,4,0,2,49,40
2018/12/31 14:00,1,1,0,4,0,2,50,8
2018/12/31 14:00,1,1,0,4,0,2,51,15
2018/12/31 14:00,1,1,0,4,0,2,52,15
2018/12/31 14:00,1,1,0,4,0,2,53,0
2018/12/31 15:00,1,1,0,4,0,2,0,123
2018/12/31 15:00,1,1,0,4,0,2,1,974
2018/12/31 15:00,1,1,0,4,0,2,2,1279
2018/12/31 15:00,1,1,0,4,0,2,3,41
2018/12/31 15:00,1,1,0,4,0,2,4,166
2018/12/31 15:00,1,1,0,4,0,2,5,31
2018/12/31 15:00,1,1,0,4,0,2,6,263
2018/12/31 15:00,1,1,0,4,0,2,7,51
2018/12/31 15:00,1,1,0,4,0,2,8,784
2018/12/31 15:00,1,1,0,4,0,2,9,114
2018/12/31 15:00,1,1,0,4,0,2,10,25
2018/12/31 15:00,1,1,0,4,0,2,11,113
2018/12/31 15:00,1,1,0,4,0,2,12,199
2018/12/31 15:00,1,1,0,4,0,2,13,251
2018/12/31 15:00,1,1,0,4,0,2,14,55
2018/12/31 15:00,1,1,0,4,0,2,15,87
2018/12/31 15:00,1,1,0,4,0,2,16,17
2018/12/31 15:00,1,1,0,4,0,2,17,5
2018/12/31 15:00,1,1,0,4,0,2,18,400
2018/12/31 15:00,1,1,0,4,0,2,19,62
2018/12/31 15:00,1,1,0,4,0,2,20,13
2018/12/31 15:00,1,1,0,4,0,2,21,17
2018/12/31 15:00,1,1,0,4,0,2,22,193
2018/12/31 15:00,1,1,0,4,0,2,23,123
2018/12/31 15:00,1,1,0,4,0,2,24,16
2018/12/31 15:00,1,1,0,4,0,2,25,24
2018/12/31 15:00,1,1,0,4,0,2,26,35
2018/12/31 15:00,1,1,0,4,0,2,27,28
2018/12/31 15:00,1,1,0,4,0,2,28,110
2018/12/31 15:00,1,1,0,4,0,2,29,50
2018/12/31 15:00,1,1,0,4,0,2,30,41
2018/12/31 15:00,1,1,0,4,0,2,31,17
2018/12/31 15:00,1,1,0,4,0,2,32,44
2018/12/31 15:00,1,1,0,4,0,2,33,164
2018/12/31 15:00,1,1,0,4,0,2,34,80
2018/12/31 15:00,1,1,0,4,0,2,35,74
2018/12/31 15:00,1,1,0,4,0,2,36,24
2018/12/31 15:00,1,1,0,4,0,2,37,43
2018/12/31 15:00,1,1,0,4,0,2,38,17
2018/12/31 15:00,1,1,0,4,0,2,39,25
2018/12/31 15:00,1,1,0,4,0,2,40,50
2018/12/31 15:00,1,1,0,4,0,2,41,13
2018/12/31 15:00,1,1,0,4,0,2,42,12
2018/12/31 15:00,1,1,0,4,0,2,43,52
2018/12/31 15:00,1,1,0,4,0,2,44,24
2018/12/31 15:00,1,1,0,4,0,2,45,157
2018/12/31 15:00,1,1,0,4,0,2,46,0
2018/12/31 15:00,1,1,0,4,0,2,47,9
2018/12/31 15:00,1,1,0,4,0,2,48,25
2018/12/31 15:00,1,1,0,4,0,2,49,43
2018/12/31 15:00,1,1,0,4,0,2,50,4
2018/12/31 15:00,1,1,0,4,0,2,51,23
2018/12/31 15:00,1,1,0,4,0,2,52,12
2018/12/31 15:00,1,1,0,4,0,2,53,0
2018/12/31 16:00,1,1,0,4,0,2,0,138
2018/12/31 16:00,1,1,0,4,0,2,1,964
2018/12/31 16:00,1,1,0,4,0,2,2,1420
2018/12/31 16:00,1,1,0,4,0,2,3,34
2018/12/31 16:00,1,1,0,4,0,2,4,192
2018/12/31 16:00,1,1,0,4,0,2,5,29
2018/12/31 16:00,1,1,0,4,0,2,6,303
2018/12/31 16:00,1,1,0,4,0,2,7,61
2018/12/31 16:00,1,1,0,4,0,2,8,862
2018/12/31 16:00,1,1,0,4,0,2,9,115
2018/12/31 16:00,1,1,0,4,0,2,10,18
2018/12/31 16:00,1,1,0,4,0,2,11,108
2018/12/31 16:00,1,1,0,4,0,2,12,232
2018/12/31 16:00,1,1,0,4,0,2,13,252
2018/12/31 16:00,1,1,0,4,0,2,14,62
2018/12/31 16:00,1,1,0,4,0,2,15,89
2018/12/31 16:00,1,1,0,4,0,2,16,15
2018/12/31 16:00,1,1,0,4,0,2,17,9
2018/12/31 16:00,1,1,0,4,0,2,18,473
2018/12/31 16:00,1,1,0,4,0,2,19,66
2018/12/31 16:00,1,1,0,4,0,2,20,21
2018/12/31 16:00,1,1,0,4,0,2,21,25
2018/12/31 16:00,1,1,0,4,0,2,22,317
2018/12/31 16:00,1,1,0,4,0,2,23,126
2018/12/31 16:00,1,1,0,4,0,2,24,22
2018/12/31 16:00,1,1,0,4,0,2,25,41
2018/12/31 16:00,1,1,0,4,0,2,26,29
2018/12/31 16:00,1,1,0,4,0,2,27,25
2018/12/31 16:00,1,1,0,4,0,2,28,74
2018/12/31 16:00,1,1,0,4,0,2,29,75
2018/12/31 16:00,1,1,0,4,0,2,30,42
2018/12/31 16:00,1,1,0,4,0,2,31,21
2018/12/31 16:00,1,1,0,4,0,2,32,38
2018/12/31 16:00,1,1,0,4,0,2,33,162
2018/12/31 16:00,1,1,0,4,0,2,34,72
2018/12/31 16:00,1,1,0,4,0,2,35,61
2018/12/31 16:00,1,1,0,4,0,2,36,23
2018/12/31 16:00,1,1,0,4,0,2,37,52
2018/12/31 16:00,1,1,0,4,0,2,38,17
2018/12/31 16:00,1,1,0,4,0,2,39,35
2018/12/31 16:00,1,1,0,4,0,2,40,32
2018/12/31 16:00,1,1,0,4,0,2,41,20
2018/12/31 16:00,1,1,0,4,0,2,42,15
2018/12/31 16:00,1,1,0,4,0,2,43,48
2018/12/31 16:00,1,1,0,4,0,2,44,13
2018/12/31 16:00,1,1,0,4,0,2,45,126
2018/12/31 16:00,1,1,0,4,0,2,46,5
2018/12/31 16:00,1,1,0,4,0,2,47,7
2018/12/31 16:00,1,1,0,4,0,2,48,28
2018/12/31 16:00,1,1,0,4,0,2,49,42
2018/12/31 16:00,1,1,0,4,0,2,50,11
2018/12/31 16:00,1,1,0,4,0,2,51,12
2018/12/31 16:00,1,1,0,4,0,2,52,7
2018/12/31 16:00,1,1,0,4,0,2,53,0
2018/12/31 17:00,1,1,0,4,0,2,0,172
2018/12/31 17:00,1,1,0,4,0,2,1,775
2018/12/31 17:00,1,1,0,4,0,2,2,1555
2018/12/31 17:00,1,1,0,4,0,2,3,39
2018/12/31 17:00,1,1,0,4,0,2,4,301
2018/12/31 17:00,1,1,0,4,0,2,5,45
2018/12/31 17:00,1,1,0,4,0,2,6,300
2018/12/31 17:00,1,1,0,4,0,2,7,79
2018/12/31 17:00,1,1,0,4,0,2,8,952
2018/12/31 17:00,1,1,0,4,0,2,9,131
2018/12/31 17:00,1,1,0,4,0,2,10,25
2018/12/31 17:00,1,1,0,4,0,2,11,101
2018/12/31 17:00,1,1,0,4,0,2,12,193
2018/12/31 17:00,1,1,0,4,0,2,13,281
2018/12/31 17:00,1,1,0,4,0,2,14,74
2018/12/31 17:00,1,1,0,4,0,2,15,92
2018/12/31 17:00,1,1,0,4,0,2,16,43
2018/12/31 17:00,1,1,0,4,0,2,17,9
2018/12/31 17:00,1,1,0,4,0,2,18,559
2018/12/31 17:00,1,1,0,4,0,2,19,59
2018/12/31 17:00,1,1,0,4,0,2,20,20
2018/12/31 17:00,1,1,0,4,0,2,21,27
2018/12/31 17:00,1,1,0,4,0,2,22,422
2018/12/31 17:00,1,1,0,4,0,2,23,119
2018/12/31 17:00,1,1,0,4,0,2,24,21
2018/12/31 17:00,1,1,0,4,0,2,25,31
2018/12/31 17:00,1,1,0,4,0,2,26,35
2018/12/31 17:00,1,1,0,4,0,2,27,33
2018/12/31 17:00,1,1,0,4,0,2,28,85
2018/12/31 17:00,1,1,0,4,0,2,29,87
2018/12/31 17:00,1,1,0,4,0,2,30,36
2018/12/31 17:00,1,1,0,4,0,2,31,27
2018/12/31 17:00,1,1,0,4,0,2,32,40
2018/12/31 17:00,1,1,0,4,0,2,33,217
2018/12/31 17:00,1,1,0,4,0,2,34,102
2018/12/31 17:00,1,1,0,4,0,2,35,68
2018/12/31 17:00,1,1,0,4,0,2,36,34
2018/12/31 17:00,1,1,0,4,0,2,37,51
2018/12/31 17:00,1,1,0,4,0,2,38,23
2018/12/31 17:00,1,1,0,4,0,2,39,25
2018/12/31 17:00,1,1,0,4,0,2,40,49
2018/12/31 17:00,1,1,0,4,0,2,41,23
2018/12/31 17:00,1,1,0,4,0,2,42,18
2018/12/31 17:00,1,1,0,4,0,2,43,75
2018/12/31 17:00,1,1,0,4,0,2,44,21
2018/12/31 17:00,1,1,0,4,0,2,45,162
2018/12/31 17:00,1,1,0,4,0,2,46,3
2018/12/31 17:00,1,1,0,4,0,2,47,6
2018/12/31 17:00,1,1,0,4,0,2,48,22
2018/12/31 17:00,1,1,0,4,0,2,49,56
2018/12/31 17:00,1,1,0,4,0,2,50,15
2018/12/31 17:00,1,1,0,4,0,2,51,16
2018/12/31 17:00,1,1,0,4,0,2,52,21
2018/12/31 17:00,1,1,0,4,0,2,53,0
2018/12/31 18:00,1,1,0,4,0,2,0,184
2018/12/31 18:00,1,1,0,4,0,2,1,862
2018/12/31 18:00,1,1,0,4,0,2,2,1749
2018/12/31 18:00,1,1,0,4,0,2,3,41
2018/12/31 18:00,1,1,0,4,0,2,4,333
2018/12/31 18:00,1,1,0,4,0,2,5,49
2018/12/31 18:00,1,1,0,4,0,2,6,296
2018/12/31 18:00,1,1,0,4,0,2,7,78
2018/12/31 18:00,1,1,0,4,0,2,8,990
2018/12/31 18:00,1,1,0,4,0,2,9,174
2018/12/31 18:00,1,1,0,4,0,2,10,14
2018/12/31 18:00,1,1,0,4,0,2,11,111
2018/12/31 18:00,1,1,0,4,0,2,12,184
2018/12/31 18:00,1,1,0,4,0,2,13,247
2018/12/31 18:00,1,1,0,4,0,2,14,79
2018/12/31 18:00,1,1,0,4,0,2,15,98
2018/12/31 18:00,1,1,0,4,0,2,16,45
2018/12/31 18:00,1,1,0,4,0,2,17,4
2018/12/31 18:00,1,1,0,4,0,2,18,550
2018/12/31 18:00,1,1,0,4,0,2,19,101
2018/12/31 18:00,1,1,0,4,0,2,20,28
2018/12/31 18:00,1,1,0,4,0,2,21,23
2018/12/31 18:00,1,1,0,4,0,2,22,327
2018/12/31 18:00,1,1,0,4,0,2,23,129
2018/12/31 18:00,1,1,0,4,0,2,24,20
2018/12/31 18:00,1,1,0,4,0,2,25,31
2018/12/31 18:00,1,1,0,4,0,2,26,43
2018/12/31 18:00,1,1,0,4,0,2,27,45
2018/12/31 18:00,1,1,0,4,0,2,28,109
2018/12/31 18:00,1,1,0,4,0,2,29,68
2018/12/31 18:00,1,1,0,4,0,2,30,38
2018/12/31 18:00,1,1,0,4,0,2,31,32
2018/12/31 18:00,1,1,0,4,0,2,32,48
2018/12/31 18:00,1,1,0,4,0,2,33,213
2018/12/31 18:00,1,1,0,4,0,2,34,92
2018/12/31 18:00,1,1,0,4,0,2,35,69
2018/12/31 18:00,1,1,0,4,0,2,36,40
2018/12/31 18:00,1,1,0,4,0,2,37,87
2018/12/31 18:00,1,1,0,4,0,2,38,35
2018/12/31 18:00,1,1,0,4,0,2,39,19
2018/12/31 18:00,1,1,0,4,0,2,40,43
2018/12/31 18:00,1,1,0,4,0,2,41,30
2018/12/31 18:00,1,1,0,4,0,2,42,9
2018/12/31 18:00,1,1,0,4,0,2,43,61
2018/12/31 18:00,1,1,0,4,0,2,44,27
2018/12/31 18:00,1,1,0,4,0,2,45,97
2018/12/31 18:00,1,1,0,4,0,2,46,3
2018/12/31 18:00,1,1,0,4,0,2,47,8
2018/12/31 18:00,1,1,0,4,0,2,48,42
2018/12/31 18:00,1,1,0,4,0,2,49,66
2018/12/31 18:00,1,1,0,4,0,2,50,15
2018/12/31 18:00,1,1,0,4,0,2,51,8
2018/12/31 18:00,1,1,0,4,0,2,52,22
2018/12/31 18:00,1,1,0,4,0,2,53,0
2018/12/31 19:00,1,1,0,4,0,2,0,185
2018/12/31 19:00,1,1,0,4,0,2,1,1190
2018/12/31 19:00,1,1,0,4,0,2,2,1331
2018/12/31 19:00,1,1,0,4,0,2,3,37
2018/12/31 19:00,1,1,0,4,0,2,4,176
2018/12/31 19:00,1,1,0,4,0,2,5,30
2018/12/31 19:00,1,1,0,4,0,2,6,204
2018/12/31 19:00,1,1,0,4,0,2,7,66
2018/12/31 19:00,1,1,0,4,0,2,8,755
2018/12/31 19:00,1,1,0,4,0,2,9,140
2018/12/31 19:00,1,1,0,4,0,2,10,11
2018/12/31 19:00,1,1,0,4,0,2,11,96
2018/12/31 19:00,1,1,0,4,0,2,12,139
2018/12/31 19:00,1,1,0,4,0,2,13,264
2018/12/31 19:00,1,1,0,4,0,2,14,41
2018/12/31 19:00,1,1,0,4,0,2,15,108
2018/12/31 19:00,1,1,0,4,0,2,16,14
2018/12/31 19:00,1,1,0,4,0,2,17,9
2018/12/31 19:00,1,1,0,4,0,2,18,338
2018/12/31 19:00,1,1,0,4,0,2,19,76
2018/12/31 19:00,1,1,0,4,0,2,20,27
2018/12/31 19:00,1,1,0,4,0,2,21,14
2018/12/31 19:00,1,1,0,4,0,2,22,143
2018/12/31 19:00,1,1,0,4,0,2,23,128
2018/12/31 19:00,1,1,0,4,0,2,24,19
2018/12/31 19:00,1,1,0,4,0,2,25,27
2018/12/31 19:00,1,1,0,4,0,2,26,31
2018/12/31 19:00,1,1,0,4,0,2,27,29
2018/12/31 19:00,1,1,0,4,0,2,28,101
2018/12/31 19:00,1,1,0,4,0,2,29,65
2018/12/31 19:00,1,1,0,4,0,2,30,61
2018/12/31 19:00,1,1,0,4,0,2,31,20
2018/12/31 19:00,1,1,0,4,0,2,32,45
2018/12/31 19:00,1,1,0,4,0,2,33,144
2018/12/31 19:00,1,1,0,4,0,2,34,63
2018/12/31 19:00,1,1,0,4,0,2,35,56
2018/12/31 19:00,1,1,0,4,0,2,36,26
2018/12/31 19:00,1,1,0,4,0,2,37,63
2018/12/31 19:00,1,1,0,4,0,2,38,14
2018/12/31 19:00,1,1,0,4,0,2,39,14
2018/12/31 19:00,1,1,0,4,0,2,40,46
2018/12/31 19:00,1,1,0,4,0,2,41,24
2018/12/31 19:00,1,1,0,4,0,2,42,14
2018/12/31 19:00,1,1,0,4,0,2,43,60
2018/12/31 19:00,1,1,0,4,0,2,44,18
2018/12/31 19:00,1,1,0,4,0,2,45,30
2018/12/31 19:00,1,1,0,4,0,2,46,4
2018/12/31 19:00,1,1,0,4,0,2,47,7
2018/12/31 19:00,1,1,0,4,0,2,48,23
2018/12/31 19:00,1,1,0,4,0,2,49,47
2018/12/31 19:00,1,1,0,4,0,2,50,11
2018/12/31 19:00,1,1,0,4,0,2,51,20
2018/12/31 19:00,1,1,0,4,0,2,52,6
2018/12/31 19:00,1,1,0,4,0,2,53,0
2018/12/31 20:00,1,1,0,4,0,2,0,235
2018/12/31 20:00,1,1,0,4,0,2,1,1170
2018/12/31 20:00,1,1,0,4,0,2,2,1834
2018/12/31 20:00,1,1,0,4,0,2,3,43
2018/12/31 20:00,1,1,0,4,0,2,4,125
2018/12/31 20:00,1,1,0,4,0,2,5,47
2018/12/31 20:00,1,1,0,4,0,2,6,350
2018/12/31 20:00,1,1,0,4,0,2,7,64
2018/12/31 20:00,1,1,0,4,0,2,8,994
2018/12/31 20:00,1,1,0,4,0,2,9,140
2018/12/31 20:00,1,1,0,4,0,2,10,13
2018/12/31 20:00,1,1,0,4,0,2,11,108
2018/12/31 20:00,1,1,0,4,0,2,12,100
2018/12/31 20:00,1,1,0,4,0,2,13,294
2018/12/31 20:00,1,1,0,4,0,2,14,69
2018/12/31 20:00,1,1,0,4,0,2,15,114
2018/12/31 20:00,1,1,0,4,0,2,16,15
2018/12/31 20:00,1,1,0,4,0,2,17,10
2018/12/31 20:00,1,1,0,4,0,2,18,493
2018/12/31 20:00,1,1,0,4,0,2,19,73
2018/12/31 20:00,1,1,0,4,0,2,20,29
2018/12/31 20:00,1,1,0,4,0,2,21,20
2018/12/31 20:00,1,1,0,4,0,2,22,177
2018/12/31 20:00,1,1,0,4,0,2,23,155
2018/12/31 20:00,1,1,0,4,0,2,24,22
2018/12/31 20:00,1,1,0,4,0,2,25,38
2018/12/31 20:00,1,1,0,4,0,2,26,38
2018/12/31 20:00,1,1,0,4,0,2,27,26
2018/12/31 20:00,1,1,0,4,0,2,28,80
2018/12/31 20:00,1,1,0,4,0,2,29,63
2018/12/31 20:00,1,1,0,4,0,2,30,57
2018/12/31 20:00,1,1,0,4,0,2,31,21
2018/12/31 20:00,1,1,0,4,0,2,32,44
2018/12/31 20:00,1,1,0,4,0,2,33,129
2018/12/31 20:00,1,1,0,4,0,2,34,72
2018/12/31 20:00,1,1,0,4,0,2,35,69
2018/12/31 20:00,1,1,0,4,0,2,36,13
2018/12/31 20:00,1,1,0,4,0,2,37,67
2018/12/31 20:00,1,1,0,4,0,2,38,19
2018/12/31 20:00,1,1,0,4,0,2,39,16
2018/12/31 20:00,1,1,0,4,0,2,40,56
2018/12/31 20:00,1,1,0,4,0,2,41,31
2018/12/31 20:00,1,1,0,4,0,2,42,16
2018/12/31 20:00,1,1,0,4,0,2,43,51
2018/12/31 20:00,1,1,0,4,0,2,44,16
2018/12/31 20:00,1,1,0,4,0,2,45,24
2018/12/31 20:00,1,1,0,4,0,2,46,5
2018/12/31 20:00,1,1,0,4,0,2,47,7
2018/12/31 20:00,1,1,0,4,0,2,48,31
2018/12/31 20:00,1,1,0,4,0,2,49,38
2018/12/31 20:00,1,1,0,4,0,2,50,7
2018/12/31 20:00,1,1,0,4,0,2,51,16
2018/12/31 20:00,1,1,0,4,0,2,52,5
2018/12/31 20:00,1,1,0,4,0,2,53,0
2018/12/31 21:00,1,1,0,4,0,2,0,263
2018/12/31 21:00,1,1,0,4,0,2,1,1112
2018/12/31 21:00,1,1,0,4,0,2,2,1997
2018/12/31 21:00,1,1,0,4,0,2,3,49
2018/12/31 21:00,1,1,0,4,0,2,4,141
2018/12/31 21:00,1,1,0,4,0,2,5,44
2018/12/31 21:00,1,1,0,4,0,2,6,333
2018/12/31 21:00,1,1,0,4,0,2,7,56
2018/12/31 21:00,1,1,0,4,0,2,8,1039
2018/12/31 21:00,1,1,0,4,0,2,9,103
2018/12/31 21:00,1,1,0,4,0,2,10,13
2018/12/31 21:00,1,1,0,4,0,2,11,81
2018/12/31 21:00,1,1,0,4,0,2,12,91
2018/12/31 21:00,1,1,0,4,0,2,13,292
2018/12/31 21:00,1,1,0,4,0,2,14,67
2018/12/31 21:00,1,1,0,4,0,2,15,151
2018/12/31 21:00,1,1,0,4,0,2,16,24
2018/12/31 21:00,1,1,0,4,0,2,17,10
2018/12/31 21:00,1,1,0,4,0,2,18,527
2018/12/31 21:00,1,1,0,4,0,2,19,48
2018/12/31 21:00,1,1,0,4,0,2,20,38
2018/12/31 21:00,1,1,0,4,0,2,21,12
2018/12/31 21:00,1,1,0,4,0,2,22,129
2018/12/31 21:00,1,1,0,4,0,2,23,139
2018/12/31 21:00,1,1,0,4,0,2,24,24
2018/12/31 21:00,1,1,0,4,0,2,25,29
2018/12/31 21:00,1,1,0,4,0,2,26,35
2018/12/31 21:00,1,1,0,4,0,2,27,18
2018/12/31 21:00,1,1,0,4,0,2,28,99
2018/12/31 21:00,1,1,0,4,0,2,29,68
2018/12/31 21:00,1,1,0,4,0,2,30,50
2018/12/31 21:00,1,1,0,4,0,2,31,13
2018/12/31 21:00,1,1,0,4,0,2,32,34
2018/12/31 21:00,1,1,0,4,0,2,33,153
2018/12/31 21:00,1,1,0,4,0,2,34,43
2018/12/31 21:00,1,1,0,4,0,2,35,70
2018/12/31 21:00,1,1,0,4,0,2,36,19
2018/12/31 21:00,1,1,0,4,0,2,37,67
2018/12/31 21:00,1,1,0,4,0,2,38,18
2018/12/31 21:00,1,1,0,4,0,2,39,16
2018/12/31 21:00,1,1,0,4,0,2,40,92
2018/12/31 21:00,1,1,0,4,0,2,41,37
2018/12/31 21:00,1,1,0,4,0,2,42,19
2018/12/31 21:00,1,1,0,4,0,2,43,39
2018/12/31 21:00,1,1,0,4,0,2,44,9
2018/12/31 21:00,1,1,0,4,0,2,45,12
2018/12/31 21:00,1,1,0,4,0,2,46,0
2018/12/31 21:00,1,1,0,4,0,2,47,12
2018/12/31 21:00,1,1,0,4,0,2,48,33
2018/12/31 21:00,1,1,0,4,0,2,49,32
2018/12/31 21:00,1,1,0,4,0,2,50,13
2018/12/31 21:00,1,1,0,4,0,2,51,17
2018/12/31 21:00,1,1,0,4,0,2,52,5
2018/12/31 21:00,1,1,0,4,0,2,53,0
2018/12/31 22:00,1,1,0,4,0,2,0,231
2018/12/31 22:00,1,1,0,4,0,2,1,933
2018/12/31 22:00,1,1,0,4,0,2,2,1588
2018/12/31 22:00,1,1,0,4,0,2,3,45
2018/12/31 22:00,1,1,0,4,0,2,4,150
2018/12/31 22:00,1,1,0,4,0,2,5,40
2018/12/31 22:00,1,1,0,4,0,2,6,307
2018/12/31 22:00,1,1,0,4,0,2,7,64
2018/12/31 22:00,1,1,0,4,0,2,8,979
2018/12/31 22:00,1,1,0,4,0,2,9,96
2018/12/31 22:00,1,1,0,4,0,2,10,9
2018/12/31 22:00,1,1,0,4,0,2,11,67
2018/12/31 22:00,1,1,0,4,0,2,12,81
2018/12/31 22:00,1,1,0,4,0,2,13,217
2018/12/31 22:00,1,1,0,4,0,2,14,46
2018/12/31 22:00,1,1,0,4,0,2,15,118
2018/12/31 22:00,1,1,0,4,0,2,16,19
2018/12/31 22:00,1,1,0,4,0,2,17,11
2018/12/31 22:00,1,1,0,4,0,2,18,397
2018/12/31 22:00,1,1,0,4,0,2,19,36
2018/12/31 22:00,1,1,0,4,0,2,20,38
2018/12/31 22:00,1,1,0,4,0,2,21,26
2018/12/31 22:00,1,1,0,4,0,2,22,78
2018/12/31 22:00,1,1,0,4,0,2,23,123
2018/12/31 22:00,1,1,0,4,0,2,24,16
2018/12/31 22:00,1,1,0,4,0,2,25,17
2018/12/31 22:00,1,1,0,4,0,2,26,45
2018/12/31 22:00,1,1,0,4,0,2,27,21
2018/12/31 22:00,1,1,0,4,0,2,28,79
2018/12/31 22:00,1,1,0,4,0,2,29,59
2018/12/31 22:00,1,1,0,4,0,2,30,47
2018/12/31 22:00,1,1,0,4,0,2,31,18
2018/12/31 22:00,1,1,0,4,0,2,32,16
2018/12/31 22:00,1,1,0,4,0,2,33,134
2018/12/31 22:00,1,1,0,4,0,2,34,50
2018/12/31 22:00,1,1,0,4,0,2,35,55
2018/12/31 22:00,1,1,0,4,0,2,36,14
2018/12/31 22:00,1,1,0,4,0,2,37,57
2018/12/31 22:00,1,1,0,4,0,2,38,19
2018/12/31 22:00,1,1,0,4,0,2,39,14
2018/12/31 22:00,1,1,0,4,0,2,40,75
2018/12/31 22:00,1,1,0,4,0,2,41,32
2018/12/31 22:00,1,1,0,4,0,2,42,13
2018/12/31 22:00,1,1,0,4,0,2,43,17
2018/12/31 22:00,1,1,0,4,0,2,44,10
2018/12/31 22:00,1,1,0,4,0,2,45,8
2018/12/31 22:00,1,1,0,4,0,2,46,2
2018/12/31 22:00,1,1,0,4,0,2,47,14
2018/12/31 22:00,1,1,0,4,0,2,48,36
2018/12/31 22:00,1,1,0,4,0,2,49,29
2018/12/31 22:00,1,1,0,4,0,2,50,6
2018/12/31 22:00,1,1,0,4,0,2,51,8
2018/12/31 22:00,1,1,0,4,0,2,52,3
2018/12/31 22:00,1,1,0,4,0,2,53,0
2018/12/31 23:00,1,1,0,4,0,2,0,70
2018/12/31 23:00,1,1,0,4,0,2,1,335
2018/12/31 23:00,1,1,0,4,0,2,2,364
2018/12/31 23:00,1,1,0,4,0,2,3,14
2018/12/31 23:00,1,1,0,4,0,2,4,49
2018/12/31 23:00,1,1,0,4,0,2,5,18
2018/12/31 23:00,1,1,0,4,0,2,6,67
2018/12/31 23:00,1,1,0,4,0,2,7,14
2018/12/31 23:00,1,1,0,4,0,2,8,268
2018/12/31 23:00,1,1,0,4,0,2,9,42
2018/12/31 23:00,1,1,0,4,0,2,10,6
2018/12/31 23:00,1,1,0,4,0,2,11,26
2018/12/31 23:00,1,1,0,4,0,2,12,30
2018/12/31 23:00,1,1,0,4,0,2,13,108
2018/12/31 23:00,1,1,0,4,0,2,14,14
2018/12/31 23:00,1,1,0,4,0,2,15,41
2018/12/31 23:00,1,1,0,4,0,2,16,4
2018/12/31 23:00,1,1,0,4,0,2,17,7
2018/12/31 23:00,1,1,0,4,0,2,18,109
2018/12/31 23:00,1,1,0,4,0,2,19,14
2018/12/31 23:00,1,1,0,4,0,2,20,15
2018/12/31 23:00,1,1,0,4,0,2,21,7
2018/12/31 23:00,1,1,0,4,0,2,22,22
2018/12/31 23:00,1,1,0,4,0,2,23,36
2018/12/31 23:00,1,1,0,4,0,2,24,3
2018/12/31 23:00,1,1,0,4,0,2,25,4
2018/12/31 23:00,1,1,0,4,0,2,26,3
2018/12/31 23:00,1,1,0,4,0,2,27,8
2018/12/31 23:00,1,1,0,4,0,2,28,29
2018/12/31 23:00,1,1,0,4,0,2,29,22
2018/12/31 23:00,1,1,0,4,0,2,30,25
2018/12/31 23:00,1,1,0,4,0,2,31,12
2018/12/31 23:00,1,1,0,4,0,2,32,11
2018/12/31 23:00,1,1,0,4,0,2,33,50
2018/12/31 23:00,1,1,0,4,0,2,34,16
2018/12/31 23:00,1,1,0,4,0,2,35,18
2018/12/31 23:00,1,1,0,4,0,2,36,4
2018/12/31 23:00,1,1,0,4,0,2,37,15
2018/12/31 23:00,1,1,0,4,0,2,38,9
2018/12/31 23:00,1,1,0,4,0,2,39,7
2018/12/31 23:00,1,1,0,4,0,2,40,20
2018/12/31 23:00,1,1,0,4,0,2,41,5
2018/12/31 23:00,1,1,0,4,0,2,42,3
2018/12/31 23:00,1,1,0,4,0,2,43,3
2018/12/31 23:00,1,1,0,4,0,2,44,5
2018/12/31 23:00,1,1,0,4,0,2,45,0
2018/12/31 23:00,1,1,0,4,0,2,46,1
2018/12/31 23:00,1,1,0,4,0,2,47,7
2018/12/31 23:00,1,1,0,4,0,2,48,6
2018/12/31 23:00,1,1,0,4,0,2,49,14
2018/12/31 23:00,1,1,0,4,0,2,50,2
2018/12/31 23:00,1,1,0,4,0,2,51,3
2018/12/31 23:00,1,1,0,4,0,2,52,1
2018/12/31 23:00,1,1,0,4,0,2,53,0
